"","crianca","video","frente_fundo","fundo_frente","fundo_errado","errado_fundo","frente_errado","errado_frente","olhou_pro_errado","acerto_frente","indice_alternancia_rja","indice_alternancia_ija","indice_alternancia_objeto","total_acerto_frente","total_olhou_errado","fixation_acerto_frente","fixation_olhou_pro_errado","indice_acerto","condicao","pre_pos"
"1","adam","A1",0,0,0,0,0,0,0,0,0,0,0,0,0,0,0,0,"rja","-"
"2","adam","A2",0,0,0,0,0,0,0,0,0,0,0,0,0,0,0,0,"ija","-"
"3","adam","A4",0,0,0,0,0,0,0,0,0,0,0,0,0,0,0,0,"rja","-"
"4","adam","A6",0,0,0,0,0,0,0,0,0,0,0,0,0,0,0,0,"ija","-"
"5","adam","B2",0,0,0,0,0,0,0,0,0,0,0,0,0,0,0,0,"ija","-"
"6","adam","B5",0,0,0,0,0,0,0,0,0,0,0,0,0,0,0,0,"ija","-"
"7","adam","B6",0,0,0,0,0,0,0,0,0,0,0,0,0,0,0,0,"rja","-"
"8","adam","B7",0,0,0,0,0,0,0,0,0,0,0,0,0,0,0,0,"rja","-"
"9","adam","D1",0,0,0,0,0,0,0,0,0,0,0,0,0,0,0,0,"rja","-"
"10","adam","D2",0,0,0,0,0,0,0,0,0,0,0,0,0,0,0,0,"ija","-"
"11","adam","D4",0,0,0,0,0,0,0,0,0,0,0,0,0,0,0,0,"rja","-"
"12","adam","D5",0,0,0,0,0,0,0,0,0,0,0,0,0,0,0,0,"ija","-"
"13","ana","A1",0,0,0,0,0,0,0,0,0,0,0,0,0,0,0,0,"rja","-"
"14","ana","A4",0,0,0,0,0,0,0,0,0,0,0,0,0,0,0,0,"rja","-"
"15","ana","A6",0,0,0,0,0,0,0,0,0,0,0,0,0,0,0,0,"ija","-"
"16","ana","B2",0,1,0,0,0,0,0,1,1,0,0,374,0,374,0,1,"ija","-"
"17","ana","B5",1,1,0,0,0,0,0,1,1,1,0,350,0,350,0,1,"ija","-"
"18","ana","B6",0,0,0,0,0,0,0,0,0,0,0,0,0,0,0,0,"rja","-"
"19","ana","B7",0,0,0,0,0,0,0,0,0,0,0,0,0,0,0,0,"rja","-"
"20","ana","D1",0,0,0,0,0,0,0,0,0,0,0,0,0,0,0,0,"rja","-"
"21","andre2t","A4",0,0,0,0,0,0,0,0,0,0,0,0,0,0,0,0,"rja","-"
"22","andre2t","B2",0,0,0,0,0,0,0,0,0,0,0,0,0,0,0,0,"ija","-"
"23","andre2t","B6",0,0,0,0,0,0,0,0,0,0,0,0,0,0,0,0,"rja","-"
"24","andre2t","B7",0,0,0,0,0,0,0,0,0,0,0,0,0,0,0,0,"rja","-"
"25","andre2t","D1",0,0,0,0,0,0,0,0,0,0,0,0,0,0,0,0,"rja","-"
"26","andre2t","D2",0,0,0,0,0,0,0,0,0,0,0,0,0,0,0,0,"ija","-"
"27","andre2t","D4",0,0,0,0,0,0,0,0,0,0,0,0,0,0,0,0,"rja","-"
"28","andre2t","D5",0,0,0,0,0,0,0,0,0,0,0,0,0,0,0,0,"ija","-"
"29","anelise","A1",0,0,0,0,0,0,0,0,0,0,0,0,0,0,0,0,"rja","0"
"30","anelise","A2",1,1,0,0,0,0,0,1,1,1,0,422,0,422,0,1,"ija","0"
"31","anelise","A4",0,0,0,0,0,0,0,0,0,0,0,0,0,0,0,0,"rja","0"
"32","anelise","A6",0,0,0,0,0,0,0,1,0,0,0,0,0,0,0,1,"ija","0"
"33","anelise","B2",0,1,0,0,0,0,0,1,1,0,0,790,0,790,0,1,"ija","0"
"34","anelise","B5",0,1,0,0,0,0,0,1,1,0,0,790,0,340,0,1,"ija","0"
"35","anelise","B6",0,0,0,0,0,0,0,0,0,0,0,0,0,0,0,0,"rja","0"
"36","anelise","B7",0,0,0,0,0,0,0,0,0,0,0,0,0,0,0,0,"rja","0"
"37","anelise","D1",0,0,0,0,0,0,0,0,0,0,0,0,0,0,0,0,"rja","0"
"38","anelise","D2",0,1,0,0,0,0,0,1,1,0,0,588,0,588,0,1,"ija","0"
"39","anelise","D4",0,0,0,0,0,0,0,1,0,0,0,116,0,116,0,1,"rja","0"
"40","anili.2","A1",0,0,0,0,0,0,0,0,0,0,0,0,0,0,0,0,"rja","1"
"41","anili.2","A2",0,1,0,0,0,0,0,1,1,0,0,698,0,386,0,1,"ija","1"
"42","anili.2","A6",0,1,0,0,0,0,0,1,1,0,0,558,0,330,0,1,"ija","1"
"43","anili.2","B2",0,1,0,0,0,0,0,1,1,0,0,734,0,456,0,1,"ija","1"
"44","anili.2","B5",0,1,0,0,0,0,0,1,1,0,0,690,0,248,0,1,"ija","1"
"45","anili.2","B6",0,0,0,0,0,0,0,0,0,0,0,0,0,0,0,0,"rja","1"
"46","anili.2","B7",0,1,0,0,0,0,0,1,1,0,0,756,0,430,0,1,"rja","1"
"47","anili.2","D1",0,0,0,0,0,0,0,0,0,0,0,0,0,0,0,0,"rja","1"
"48","anili.2","D2",0,0,0,0,0,0,0,1,0,0,0,980,0,612,0,1,"ija","1"
"49","anili.2","D4",0,0,0,0,0,0,0,0,0,0,0,0,0,0,0,0,"rja","1"
"50","anili.2","D5",0,0,0,0,0,0,0,0,0,0,0,0,0,0,0,0,"ija","1"
"51","anne","A1",0,0,0,0,0,0,0,0,0,0,0,0,0,0,0,0,"rja","0"
"52","anne","A2",0,0,0,0,0,0,0,0,0,0,0,0,0,0,0,0,"ija","0"
"53","anne","A4",0,0,0,0,0,0,0,0,0,0,0,0,0,0,0,0,"rja","0"
"54","anne","A6",0,0,0,0,0,0,0,0,0,0,0,0,0,0,0,0,"ija","0"
"55","anne","B7",0,0,0,0,0,0,0,0,0,0,0,0,0,0,0,0,"rja","0"
"56","anne","D1",0,0,0,0,0,0,0,0,0,0,0,0,0,0,0,0,"rja","0"
"57","anne","D2",0,0,0,0,0,0,0,0,0,0,0,0,0,0,0,0,"ija","0"
"58","anne","D4",0,0,0,0,0,0,0,1,0,0,0,624,0,240,0,1,"rja","0"
"59","anne","D5",0,0,0,0,0,0,0,1,0,0,0,682,0,258,0,1,"ija","0"
"60","arthur","A2",0,0,0,0,0,0,1,0,0,0,0,0,294,0,88,-1,"ija","-"
"61","asafe.2","A1",0,0,0,0,0,0,0,0,0,0,0,0,0,0,0,0,"rja","1"
"62","asafe.2","A2",0,0,1,0,0,0,1,0,-1,0,0,0,496,0,496,-1,"ija","1"
"63","asafe.2","A4",1,0,0,0,0,0,0,1,0,1,0,0,0,0,0,1,"rja","1"
"64","asafe.2","A6",0,1,0,0,0,0,0,1,1,0,0,292,0,292,0,1,"ija","1"
"65","asafe.2","B2",0,0,0,0,0,0,1,0,0,0,0,0,524,0,524,-1,"ija","1"
"66","asafe.2","B5",0,0,0,0,0,0,0,1,0,0,0,672,0,406,0,1,"ija","1"
"67","asafe.2","B6",0,0,0,0,0,0,0,0,0,0,0,0,0,0,0,0,"rja","1"
"68","asafe.2","B7",0,0,0,0,0,0,0,0,0,0,0,0,0,0,0,0,"rja","1"
"69","asafe.2","D1",0,0,0,0,0,0,0,0,0,0,0,0,0,0,0,0,"rja","1"
"70","asafe.2","D2",0,0,0,0,0,0,0,0,0,0,0,0,0,0,0,0,"ija","1"
"71","asafe.2","D4",0,0,0,0,0,0,0,0,0,0,0,0,0,0,0,0,"rja","1"
"72","asafe.2","D5",0,1,0,0,0,0,0,1,1,0,0,362,0,362,0,1,"ija","1"
"73","ayla","A1",0,0,0,1,0,0,1,0,0,-1,0,0,0,0,0,-1,"rja","0"
"74","ayla","A2",1,1,0,0,0,0,0,1,1,1,0,418,0,418,0,1,"ija","0"
"75","ayla","A4",0,0,0,0,0,0,0,0,0,0,0,0,0,0,0,0,"rja","0"
"76","ayla","A6",0,0,0,0,0,0,0,0,0,0,0,0,0,0,0,0,"ija","0"
"77","ayla","B2",0,1,0,0,0,0,0,1,1,0,0,466,0,466,0,1,"ija","0"
"78","ayla","B5",1,1,0,0,0,0,0,1,1,1,0,576,0,576,0,1,"ija","0"
"79","ayla","B6",0,0,0,0,0,0,0,0,0,0,0,0,0,0,0,0,"rja","0"
"80","ayla","B7",0,0,0,0,0,0,0,0,0,0,0,0,0,0,0,0,"rja","0"
"81","ayla","D1",0,0,0,0,0,0,0,0,0,0,0,0,0,0,0,0,"rja","0"
"82","ayla","D2",1,0,0,0,0,0,0,1,0,1,0,350,0,350,0,1,"ija","0"
"83","ayla","D4",0,0,0,0,0,0,0,0,0,0,0,0,0,0,0,0,"rja","0"
"84","ayla","D5",0,0,0,0,0,0,0,0,0,0,0,0,0,0,0,0,"ija","0"
"85","ayla.2","A1",0,0,0,0,0,0,0,0,0,0,0,0,0,0,0,0,"rja","1"
"86","ayla.2","A2",0,0,0,0,0,0,0,0,0,0,0,0,0,0,0,0,"ija","1"
"87","ayla.2","A4",0,0,0,0,0,0,0,0,0,0,0,0,0,0,0,0,"rja","1"
"88","ayla.2","A6",0,1,0,0,0,0,0,1,1,0,0,250,0,250,0,1,"ija","1"
"89","ayla.2","B2",0,0,0,0,0,0,0,0,0,0,0,0,0,0,0,0,"ija","1"
"90","ayla.2","B5",1,1,0,0,0,0,0,1,1,1,0,454,0,454,0,1,"ija","1"
"91","ayla.2","B6",0,0,0,0,0,0,0,0,0,0,0,0,0,0,0,0,"rja","1"
"92","ayla.2","B7",0,0,0,0,0,0,0,0,0,0,0,0,0,0,0,0,"rja","1"
"93","ayla.2","D1",0,0,0,0,0,0,0,0,0,0,0,0,0,0,0,0,"rja","1"
"94","ayla.2","D4",0,0,0,0,0,0,0,0,0,0,0,0,0,0,0,0,"rja","1"
"95","ayla.2","D5",0,1,0,0,0,0,0,1,1,0,0,108,0,108,0,1,"ija","1"
"96","bernardo","B6",0,0,0,0,0,0,0,0,0,0,0,0,0,0,0,0,"rja","-"
"97","bernardo","B7",0,0,0,1,0,0,1,0,0,-1,0,0,0,0,0,-1,"rja","-"
"98","bernardo","D2",1,0,0,0,0,0,0,1,0,1,0,298,0,266,0,1,"ija","-"
"99","cecilia","A1",0,0,0,0,0,0,0,0,0,0,0,0,0,0,0,0,"rja","-"
"100","cecilia","A2",0,1,0,0,0,0,0,1,1,0,0,1296,0,566,0,1,"ija","-"
"101","cecilia","A4",0,1,0,0,0,0,0,1,1,0,0,622,0,322,0,1,"rja","-"
"102","cecilia","A6",0,1,0,1,0,0,1,1,1,-1,0,434,0,434,0,0,"ija","-"
"103","cecilia","B2",0,0,0,1,0,0,1,0,0,-1,0,0,0,0,0,-1,"ija","-"
"104","cecilia","B5",0,1,0,0,0,0,0,1,1,0,0,632,0,142,0,1,"ija","-"
"105","cecilia","B6",0,0,0,0,0,0,0,0,0,0,0,0,0,0,0,0,"rja","-"
"106","cecilia","B7",0,0,0,0,0,0,0,0,0,0,0,0,0,0,0,0,"rja","-"
"107","cecilia","D1",0,0,0,0,0,0,0,0,0,0,0,0,0,0,0,0,"rja","-"
"108","cecilia","D2",0,0,0,0,0,0,0,1,0,0,0,898,0,898,0,1,"ija","-"
"109","cecilia","D4",0,0,0,0,0,0,0,1,0,0,0,418,0,418,0,1,"rja","-"
"110","cecilia","D5",0,1,0,0,0,0,0,1,1,0,0,344,0,344,0,1,"ija","-"
"111","clari.2","A1",0,0,0,0,0,0,0,0,0,0,0,0,0,0,0,0,"rja","1"
"112","clari.2","A2",0,1,0,0,0,0,0,1,1,0,0,874,0,522,0,1,"ija","1"
"113","clari.2","A4",0,0,0,0,0,0,0,0,0,0,0,0,0,0,0,0,"rja","1"
"114","clari.2","A6",1,0,1,0,0,0,1,1,-1,1,0,0,728,0,728,0,"ija","1"
"115","clari.2","B2",0,0,1,0,0,1,1,1,-1,0,-1,770,340,770,340,0,"ija","1"
"116","clari.2","B5",0,1,0,0,0,0,0,1,1,0,0,1050,0,1050,0,1,"ija","1"
"117","clari.2","B6",0,0,0,0,0,0,0,0,0,0,0,0,0,0,0,0,"rja","1"
"118","clari.2","B7",0,0,0,0,0,0,0,0,0,0,0,0,0,0,0,0,"rja","1"
"119","clari.2","D1",0,0,0,1,0,0,1,0,0,-1,0,0,0,0,0,-1,"rja","1"
"120","clari.2","D2",0,1,0,0,0,0,0,1,1,0,0,1194,0,1194,0,1,"ija","1"
"121","clari.2","D4",0,0,0,0,0,0,0,0,0,0,0,0,0,0,0,0,"rja","1"
"122","clari.2","D5",0,1,0,0,0,0,0,1,1,0,0,520,0,520,0,1,"ija","1"
"123","clarice","A1",0,0,0,0,0,0,0,0,0,0,0,0,0,0,0,0,"rja","0"
"124","clarice","A2",0,1,0,0,1,0,1,1,1,0,1,1104,278,784,278,0,"ija","0"
"125","clarice","A4",0,0,0,0,0,0,0,0,0,0,0,0,0,0,0,0,"rja","0"
"126","clarice","B2",0,1,0,0,0,0,0,1,1,0,0,82,0,82,0,1,"ija","0"
"127","clarice","B5",1,1,0,0,0,0,0,1,1,1,0,878,0,878,0,1,"ija","0"
"128","clarice","B6",0,0,0,0,0,0,0,0,0,0,0,0,0,0,0,0,"rja","0"
"129","clarice","B7",0,0,0,0,0,0,1,0,0,0,0,0,216,0,216,-1,"rja","0"
"130","clarice","D1",0,0,0,0,0,0,0,0,0,0,0,0,0,0,0,0,"rja","0"
"131","clarice","D2",0,0,0,0,0,0,0,1,0,0,0,408,0,408,0,1,"ija","0"
"132","clarice","D4",0,0,1,0,0,0,1,0,-1,0,0,0,386,0,386,-1,"rja","0"
"133","clarice","D5",0,1,0,0,0,0,0,1,1,0,0,454,0,454,0,1,"ija","0"
"134","diana","A1",0,0,0,0,0,0,0,0,0,0,0,0,0,0,0,0,"rja","-"
"135","diana","A4",0,0,0,0,0,0,0,0,0,0,0,0,0,0,0,0,"rja","-"
"136","diana","A6",0,0,0,0,0,0,0,0,0,0,0,0,0,0,0,0,"ija","-"
"137","diana","B2",0,1,0,0,0,0,0,1,1,0,0,738,0,428,0,1,"ija","-"
"138","diana","B5",0,1,0,0,0,0,0,1,1,0,0,882,0,410,0,1,"ija","-"
"139","diana","B6",0,0,0,0,0,0,0,0,0,0,0,0,0,0,0,0,"rja","-"
"140","diana","B7",0,0,0,0,0,0,0,1,0,0,0,231,0,231,0,1,"rja","-"
"141","diana","D1",1,0,0,0,0,0,0,1,0,1,0,6,0,6,0,1,"rja","-"
"142","diana","D2",0,1,0,0,0,0,0,1,1,0,0,66,0,66,0,1,"ija","-"
"143","diana","D4",0,0,0,0,0,0,0,0,0,0,0,0,0,0,0,0,"rja","-"
"144","diana","D5",0,0,0,0,0,0,0,0,0,0,0,0,0,0,0,0,"ija","-"
"145","edu.2","A1",0,0,0,0,0,0,0,0,0,0,0,0,0,0,0,0,"rja","1"
"146","edu.2","A2",1,0,0,0,0,0,0,1,0,1,0,588,0,588,0,1,"ija","1"
"147","edu.2","A4",0,1,0,0,0,0,0,1,1,0,0,328,0,328,0,1,"rja","1"
"148","edu.2","A6",0,0,0,0,0,0,0,1,0,0,0,362,0,362,0,1,"ija","1"
"149","edu.2","B2",0,0,0,0,0,0,0,1,0,0,0,810,0,810,0,1,"ija","1"
"150","edu.2","B5",0,1,0,0,0,0,0,1,1,0,0,440,0,334,0,1,"ija","1"
"151","edu.2","B6",0,0,0,0,0,0,0,0,0,0,0,0,0,0,0,0,"rja","1"
"152","edu.2","B7",0,0,0,1,0,0,1,0,0,-1,0,0,0,0,0,-1,"rja","1"
"153","edu.2","D1",0,0,0,0,0,0,0,0,0,0,0,0,0,0,0,0,"rja","1"
"154","edu.2","D2",1,1,0,0,0,0,0,1,1,1,0,592,0,370,0,1,"ija","1"
"155","emanuela","A1",0,0,0,0,0,0,0,0,0,0,0,0,0,0,0,0,"rja","0"
"156","emanuela","A2",0,0,0,0,0,0,0,0,0,0,0,0,0,0,0,0,"ija","0"
"157","emanuela","A4",0,0,0,0,0,0,0,0,0,0,0,0,0,0,0,0,"rja","0"
"158","emanuela","A6",0,0,0,0,0,0,0,1,0,0,0,352,0,294,0,1,"ija","0"
"159","emanuela","B2",1,1,0,0,0,0,0,1,1,1,0,528,0,528,0,1,"ija","0"
"160","emanuela","B5",1,1,0,0,0,0,0,1,1,1,0,486,0,254,0,1,"ija","0"
"161","emanuela","B6",0,0,0,0,0,0,0,0,0,0,0,0,0,0,0,0,"rja","0"
"162","emanuela","B7",0,0,0,0,0,0,0,0,0,0,0,0,0,0,0,0,"rja","0"
"163","emanuela","D1",0,1,0,0,0,0,0,1,1,0,0,158,0,158,0,1,"rja","0"
"164","emanuela","D2",1,1,0,0,0,0,0,1,1,1,0,498,0,498,0,1,"ija","0"
"165","emanuela","D5",0,1,0,0,0,0,0,1,1,0,0,436,0,436,0,1,"ija","0"
"166","emanuele","A1",0,0,0,0,0,0,0,0,0,0,0,0,0,0,0,0,"rja","1"
"167","emanuele","A2",1,1,0,0,0,0,0,1,1,1,0,604,0,604,0,1,"ija","1"
"168","emanuele","A4",0,0,0,0,0,0,0,0,0,0,0,0,0,0,0,0,"rja","1"
"169","emanuele","A6",0,0,0,0,0,0,0,1,0,0,0,320,0,320,0,1,"ija","1"
"170","emanuele","B2",0,0,0,0,0,0,0,1,0,0,0,274,0,274,0,1,"ija","1"
"171","emanuele","B5",0,1,0,0,0,0,0,1,1,0,0,864,0,118,0,1,"ija","1"
"172","emanuele","B6",1,0,0,0,0,0,0,1,0,1,0,98,0,98,0,1,"rja","1"
"173","emanuele","B7",0,0,0,0,0,0,0,0,0,0,0,0,0,0,0,0,"rja","1"
"174","emanuele","D1",0,0,0,0,0,0,0,0,0,0,0,0,0,0,0,0,"rja","1"
"175","emanuele","D2",1,1,0,0,0,0,0,1,1,1,0,450,0,450,0,1,"ija","1"
"176","emanuele","D5",1,1,0,0,0,0,0,1,1,1,0,436,0,436,0,1,"ija","1"
"177","ernesto","A1",0,0,0,0,0,0,0,0,0,0,0,0,0,0,0,0,"rja","-"
"178","ernesto","A2",0,1,0,0,0,0,0,1,1,0,0,1166,0,378,0,1,"ija","-"
"179","ernesto","A4",0,0,0,0,0,0,0,0,0,0,0,0,0,0,0,0,"rja","-"
"180","ernesto","A6",0,0,0,0,0,0,0,1,0,0,0,150,0,150,0,1,"ija","-"
"181","ernesto","B2",0,1,0,0,0,0,0,1,1,0,0,656,0,460,0,1,"ija","-"
"182","ernesto","B5",0,1,0,0,0,0,0,1,1,0,0,1102,0,776,0,1,"ija","-"
"183","ernesto","B6",0,0,0,0,0,0,0,0,0,0,0,0,0,0,0,0,"rja","-"
"184","ernesto","B7",0,0,0,0,0,0,0,0,0,0,0,0,0,0,0,0,"rja","-"
"185","ernesto","D2",0,1,0,0,0,0,0,1,1,0,0,1102,0,1102,0,1,"ija","-"
"186","ernesto","D4",0,0,0,0,0,0,0,0,0,0,0,0,0,0,0,0,"rja","-"
"187","ernesto","D5",0,1,0,0,0,0,0,1,1,0,0,524,0,524,0,1,"ija","-"
"188","everton","A1",1,1,0,0,0,0,0,1,1,1,0,209,0,209,0,1,"rja","-"
"189","everton","A2",0,0,0,0,0,0,0,0,0,0,0,0,0,0,0,0,"ija","-"
"190","everton","A4",0,0,0,0,0,0,0,0,0,0,0,0,0,0,0,0,"rja","-"
"191","everton","A6",2,2,0,0,0,0,0,1,1,1,0,374,0,194,0,1,"ija","-"
"192","everton","B2",0,1,0,0,0,0,0,1,1,0,0,616,0,189,0,1,"ija","-"
"193","everton","B5",1,1,0,0,0,0,0,1,1,1,0,612,0,201,0,1,"ija","-"
"194","everton","B6",0,0,0,0,0,0,0,0,0,0,0,0,0,0,0,0,"rja","-"
"195","everton","B7",0,0,0,0,0,0,0,0,0,0,0,0,0,0,0,0,"rja","-"
"196","everton","D1",0,1,0,0,0,0,0,1,1,0,0,295,0,120,0,1,"rja","-"
"197","everton","D2",1,1,0,0,0,0,0,1,1,1,0,222,0,222,0,1,"ija","-"
"198","everton","D4",0,0,0,0,0,0,0,0,0,0,0,0,0,0,0,0,"rja","-"
"199","everton","D5",0,0,0,0,0,0,0,1,0,0,0,763,0,201,0,1,"ija","-"
"200","felipe","A4",0,0,0,0,0,0,0,0,0,0,0,0,0,0,0,0,"rja","-"
"201","felipe","A6",0,0,0,0,0,0,0,0,0,0,0,0,0,0,0,0,"ija","-"
"202","felipe","B2",0,0,0,0,0,0,0,0,0,0,0,0,0,0,0,0,"ija","-"
"203","felipe","B5",0,0,0,0,0,0,0,0,0,0,0,0,0,0,0,0,"ija","-"
"204","felipe","B6",0,0,0,0,0,0,0,0,0,0,0,0,0,0,0,0,"rja","-"
"205","felipe","B7",0,0,0,0,0,0,0,0,0,0,0,0,0,0,0,0,"rja","-"
"206","felipe","D1",0,0,0,0,0,0,0,0,0,0,0,0,0,0,0,0,"rja","-"
"207","felipe","D5",0,0,0,0,0,0,0,0,0,0,0,0,0,0,0,0,"ija","-"
"208","fidel","A1",0,0,0,0,0,0,0,0,0,0,0,0,0,0,0,0,"rja","-"
"209","fidel","A2",0,0,0,0,0,0,0,0,0,0,0,0,0,0,0,0,"ija","-"
"210","fidel","A6",0,1,0,0,0,0,0,1,1,0,0,604,0,268,0,1,"ija","-"
"211","fidel","B2",0,0,0,0,0,0,0,1,0,0,0,248,0,248,0,1,"ija","-"
"212","fidel","B5",0,1,0,0,0,0,0,1,1,0,0,1118,0,34,0,1,"ija","-"
"213","fidel","B6",0,0,0,0,0,0,0,0,0,0,0,0,0,0,0,0,"rja","-"
"214","fidel","B7",1,1,0,0,0,0,0,1,1,1,0,308,0,126,0,1,"rja","-"
"215","fidel","D1",0,0,0,0,0,0,0,0,0,0,0,0,0,0,0,0,"rja","-"
"216","fidel","D2",0,1,0,0,0,0,0,1,1,0,0,828,0,828,0,1,"ija","-"
"217","fidel","D4",0,0,0,0,0,0,0,0,0,0,0,0,0,0,0,0,"rja","-"
"218","fidel","D5",1,0,0,0,0,0,0,1,0,1,0,114,0,114,0,1,"ija","-"
"219","franc","A1",0,0,0,0,0,0,0,0,0,0,0,0,0,0,0,0,"rja","0"
"220","franc","A6",0,0,0,0,0,0,0,1,0,0,0,42,0,42,0,1,"ija","0"
"221","franc","B2",0,1,0,0,0,0,0,1,1,0,0,122,0,122,0,1,"ija","0"
"222","franc","B5",0,0,0,0,0,0,0,0,0,0,0,0,0,0,0,0,"ija","0"
"223","franc","B6",1,1,0,0,0,0,0,1,1,1,0,316,0,316,0,1,"rja","0"
"224","franc","B7",0,1,0,0,0,0,0,1,1,0,0,174,0,174,0,1,"rja","0"
"225","franc","D1",0,0,0,0,0,0,0,0,0,0,0,0,0,0,0,0,"rja","0"
"226","franc","D2",0,0,0,0,0,0,0,1,0,0,0,134,0,134,0,1,"ija","0"
"227","franc","D4",0,0,0,0,0,0,0,0,0,0,0,0,0,0,0,0,"rja","0"
"228","franc","D5",0,0,0,0,0,0,0,0,0,0,0,0,0,0,0,0,"ija","0"
"229","gabi21t","A1",0,0,0,0,0,0,0,0,0,0,0,0,0,0,0,0,"rja","1"
"230","gabi21t","A2",0,0,1,0,0,0,1,0,-1,0,0,0,392,0,206,-1,"ija","1"
"231","gabi21t","A4",0,0,0,0,0,0,0,0,0,0,0,0,0,0,0,0,"rja","1"
"232","gabi21t","A6",0,0,0,0,0,0,0,0,0,0,0,0,0,0,0,0,"ija","1"
"233","gabi21t","B2",0,0,0,0,0,0,0,0,0,0,0,0,0,0,0,0,"ija","1"
"234","gabi21t","B5",0,0,0,0,0,0,0,0,0,0,0,0,0,0,0,0,"ija","1"
"235","gabi21t","B6",0,0,0,0,0,0,0,0,0,0,0,0,0,0,0,0,"rja","1"
"236","gabi21t","B7",0,0,0,0,0,0,0,0,0,0,0,0,0,0,0,0,"rja","1"
"237","gabi21t","D1",0,0,0,0,0,0,0,0,0,0,0,0,0,0,0,0,"rja","1"
"238","gabi21t","D2",0,0,0,0,0,0,0,0,0,0,0,0,0,0,0,0,"ija","1"
"239","gabif.2","A1",0,0,0,0,0,0,0,0,0,0,0,0,0,0,0,0,"rja","1"
"240","gabif.2","A4",0,0,1,0,0,0,1,0,-1,0,0,0,148,0,148,-1,"rja","1"
"241","gabif.2","A6",0,0,0,0,0,0,0,1,0,0,0,126,0,126,0,1,"ija","1"
"242","gabif.2","B2",0,1,0,0,0,0,0,1,1,0,0,620,0,620,0,1,"ija","1"
"243","gabif.2","B5",0,0,1,0,1,1,1,1,-1,0,0,806,244,806,208,0,"ija","1"
"244","gabif.2","B6",0,0,0,0,0,0,0,0,0,0,0,0,0,0,0,0,"rja","1"
"245","gabif.2","B7",0,1,0,0,0,0,0,1,1,0,0,334,0,334,0,1,"rja","1"
"246","gabif.2","D1",0,0,0,0,0,0,0,0,0,0,0,0,0,0,0,0,"rja","1"
"247","gabif.2","D2",0,1,0,0,0,0,0,1,1,0,0,760,0,638,0,1,"ija","1"
"248","gabif.2","D4",0,0,0,0,0,0,0,0,0,0,0,0,0,0,0,0,"rja","1"
"249","gui","A1",0,0,0,0,0,0,0,0,0,0,0,0,0,0,0,0,"rja","0"
"250","gui","A2",0,0,0,0,0,0,0,0,0,0,0,0,0,0,0,0,"ija","0"
"251","gui","A4",0,1,0,0,0,0,0,1,1,0,0,82,0,82,0,1,"rja","0"
"252","gui","A6",0,0,0,0,0,0,0,0,0,0,0,0,0,0,0,0,"ija","0"
"253","gui","B2",0,1,0,0,0,0,0,1,1,0,0,908,0,908,0,1,"ija","0"
"254","gui","B5",0,0,0,0,0,0,0,1,0,0,0,390,0,390,0,1,"ija","0"
"255","gui","B6",0,0,0,0,0,0,0,0,0,0,0,0,0,0,0,0,"rja","0"
"256","gui","B7",1,1,0,0,0,0,0,1,1,1,0,554,0,326,0,1,"rja","0"
"257","gui","D1",0,0,0,0,0,0,0,0,0,0,0,0,0,0,0,0,"rja","0"
"258","gui","D2",0,1,0,0,0,0,0,1,1,0,0,1254,0,534,0,1,"ija","0"
"259","gui","D4",0,0,0,0,0,0,0,0,0,0,0,0,0,0,0,0,"rja","0"
"260","gui","D5",0,1,0,0,0,0,0,1,1,0,0,162,0,162,0,1,"ija","0"
"261","gui.2","A1",0,0,0,0,0,0,0,0,0,0,0,0,0,0,0,0,"rja","1"
"262","gui.2","A2",0,0,0,0,0,0,0,0,0,0,0,0,0,0,0,0,"ija","1"
"263","gui.2","A4",0,0,0,0,0,0,0,0,0,0,0,0,0,0,0,0,"rja","1"
"264","gui.2","A6",0,0,0,0,0,0,0,0,0,0,0,0,0,0,0,0,"ija","1"
"265","gui.2","B2",0,1,0,0,0,0,0,1,1,0,0,840,0,368,0,1,"ija","1"
"266","gui.2","B5",0,0,0,0,0,0,0,1,0,0,0,1096,0,898,0,1,"ija","1"
"267","gui.2","B6",0,0,0,0,0,0,0,0,0,0,0,0,0,0,0,0,"rja","1"
"268","gui.2","B7",0,0,0,0,0,0,0,0,0,0,0,0,0,0,0,0,"rja","1"
"269","gui.2","D1",0,0,0,0,0,0,0,0,0,0,0,0,0,0,0,0,"rja","1"
"270","gui.2","D2",0,0,0,0,0,0,0,0,0,0,0,0,0,0,0,0,"ija","1"
"271","gui.2","D4",0,0,0,0,0,0,0,0,0,0,0,0,0,0,0,0,"rja","1"
"272","gui.2","D5",1,0,0,0,0,0,0,1,0,1,0,0,0,0,0,1,"ija","1"
"273","heitor","A1",0,0,0,0,0,0,0,0,0,0,0,0,0,0,0,0,"rja","0"
"274","heitor","A2",0,0,0,0,0,0,0,0,0,0,0,0,0,0,0,0,"ija","0"
"275","heitor","A6",0,0,0,0,0,0,0,1,0,0,0,332,0,332,0,1,"ija","0"
"276","heitor","B2",0,1,0,0,0,0,0,1,1,0,0,748,0,748,0,1,"ija","0"
"277","heitor","B5",0,1,0,0,0,0,0,1,1,0,0,178,0,178,0,1,"ija","0"
"278","heitor","B6",0,0,0,0,0,0,0,0,0,0,0,0,0,0,0,0,"rja","0"
"279","heitor","B7",0,0,0,0,0,0,0,0,0,0,0,0,0,0,0,0,"rja","0"
"280","heitor","D1",0,0,0,0,0,0,0,0,0,0,0,0,0,0,0,0,"rja","0"
"281","heitor","D2",0,1,0,0,0,0,0,1,1,0,0,496,0,496,0,1,"ija","0"
"282","heitor","D4",0,0,0,0,0,0,0,0,0,0,0,0,0,0,0,0,"rja","0"
"283","heitor","D5",0,0,0,0,0,0,0,0,0,0,0,0,0,0,0,0,"ija","0"
"284","heitor.2","A1",0,0,0,0,0,0,0,0,0,0,0,0,0,0,0,0,"rja","1"
"285","heitor.2","A2",0,1,0,0,0,0,0,1,1,0,0,492,0,264,0,1,"ija","1"
"286","heitor.2","A4",0,1,0,0,0,0,0,1,1,0,0,556,0,206,0,1,"rja","1"
"287","heitor.2","A6",0,1,0,0,0,0,0,1,1,0,0,294,0,248,0,1,"ija","1"
"288","heitor.2","B2",0,1,0,0,0,0,0,1,1,0,0,584,0,458,0,1,"ija","1"
"289","heitor.2","B5",0,1,0,0,0,0,0,1,1,0,0,1186,0,166,0,1,"ija","1"
"290","heitor.2","B6",0,0,0,0,0,0,0,0,0,0,0,0,0,0,0,0,"rja","1"
"291","heitor.2","B7",0,0,0,0,0,0,0,0,0,0,0,0,0,0,0,0,"rja","1"
"292","heitor.2","D1",0,0,0,0,0,0,0,1,0,0,0,268,0,268,0,1,"rja","1"
"293","heitor.2","D2",0,1,0,0,0,0,0,1,1,0,0,194,0,194,0,1,"ija","1"
"294","heitor.2","D4",0,0,0,0,0,0,0,0,0,0,0,0,0,0,0,0,"rja","1"
"295","heitor.2","D5",0,1,0,0,0,0,0,1,1,0,0,412,0,308,0,1,"ija","1"
"296","heitorm","A1",0,0,0,0,0,0,0,0,0,0,0,0,0,0,0,0,"rja","0"
"297","heitorm","A2",0,0,0,1,0,0,1,0,0,-1,0,0,590,0,264,-1,"ija","0"
"298","heitorm","A4",0,1,0,0,0,0,0,1,1,0,0,62,0,62,0,1,"rja","0"
"299","heitorm","A6",0,0,0,0,0,0,0,0,0,0,0,0,0,0,0,0,"ija","0"
"300","heitorm","B5",0,1,0,0,0,0,0,1,1,0,0,820,0,472,0,1,"ija","0"
"301","heitorm","B6",0,0,0,0,0,0,0,0,0,0,0,0,0,0,0,0,"rja","0"
"302","heitorm","B7",0,0,0,0,0,0,0,0,0,0,0,0,0,0,0,0,"rja","0"
"303","heitorm","D1",0,0,0,0,0,0,0,0,0,0,0,0,0,0,0,0,"rja","0"
"304","heitorm","D2",0,0,0,0,0,0,0,0,0,0,0,0,0,0,0,0,"ija","0"
"305","heitorm","D4",0,0,0,0,0,0,0,0,0,0,0,0,0,0,0,0,"rja","0"
"306","heitorm","D5",0,1,0,0,0,0,0,1,1,0,0,52,0,52,0,1,"ija","0"
"307","ingrid","A1",0,0,0,0,0,0,0,0,0,0,0,0,0,0,0,0,"rja","0"
"308","ingrid","A4",0,0,0,0,0,0,0,0,0,0,0,0,0,0,0,0,"rja","0"
"309","ingrid","A6",0,0,0,0,0,0,0,0,0,0,0,0,0,0,0,0,"ija","0"
"310","ingrid","B5",0,0,0,0,0,0,0,0,0,0,0,0,0,0,0,0,"ija","0"
"311","ingrid","B6",0,0,0,0,0,0,0,0,0,0,0,0,0,0,0,0,"rja","0"
"312","ingrid","B7",0,0,0,0,0,0,0,0,0,0,0,0,0,0,0,0,"rja","0"
"313","ingrid","D1",0,0,0,0,0,0,0,0,0,0,0,0,0,0,0,0,"rja","0"
"314","ingrid","D2",0,0,0,0,0,0,0,0,0,0,0,0,0,0,0,0,"ija","0"
"315","ingrid","D4",0,0,0,0,0,0,0,0,0,0,0,0,0,0,0,0,"rja","0"
"316","ingrid","D5",0,0,0,0,0,0,0,0,0,0,0,0,0,0,0,0,"ija","0"
"317","ingrid.2","A1",0,0,0,0,0,0,0,0,0,0,0,0,0,0,0,0,"rja","1"
"318","ingrid.2","A2",1,0,0,0,0,0,0,1,0,1,0,688,0,688,0,1,"ija","1"
"319","ingrid.2","A4",0,0,1,0,0,0,1,0,-1,0,0,0,618,0,618,-1,"rja","1"
"320","ingrid.2","A6",0,0,0,1,0,0,1,0,0,-1,0,0,0,0,0,-1,"ija","1"
"321","ingrid.2","B2",0,1,0,0,0,0,0,1,1,0,0,368,0,368,0,1,"ija","1"
"322","ingrid.2","B5",0,0,0,0,0,0,0,0,0,0,0,0,0,0,0,0,"ija","1"
"323","ingrid.2","B6",0,0,0,0,0,0,0,0,0,0,0,0,0,0,0,0,"rja","1"
"324","ingrid.2","B7",0,0,0,0,0,0,0,0,0,0,0,0,0,0,0,0,"rja","1"
"325","ingrid.2","D1",0,0,0,0,0,0,0,0,0,0,0,0,0,0,0,0,"rja","1"
"326","ingrid.2","D2",0,0,0,0,0,0,0,1,0,0,0,642,0,342,0,1,"ija","1"
"327","ingrid.2","D5",0,1,0,0,0,0,0,1,1,0,0,256,0,132,0,1,"ija","1"
"328","isabela","A1",0,0,0,0,0,0,0,0,0,0,0,0,0,0,0,0,"rja","0"
"329","isabela","A2",0,0,0,0,0,0,0,1,0,0,0,206,0,162,0,1,"ija","0"
"330","isabela","A4",0,1,0,0,0,0,0,1,1,0,0,132,0,132,0,1,"rja","0"
"331","isabela","A6",1,1,0,0,0,0,0,1,1,1,0,622,0,462,0,1,"ija","0"
"332","isabela","B2",0,1,0,0,0,0,0,1,1,0,0,780,0,780,0,1,"ija","0"
"333","isabela","B5",0,1,0,0,0,0,0,1,1,0,0,951,0,554,0,1,"ija","0"
"334","isabela","B6",0,0,0,0,0,0,0,0,0,0,0,0,0,0,0,0,"rja","0"
"335","isabela","B7",0,0,0,0,0,0,0,0,0,0,0,0,0,0,0,0,"rja","0"
"336","isabela","D1",0,0,0,0,0,0,0,0,0,0,0,0,0,0,0,0,"rja","0"
"337","isabela","D2",0,2,0,0,0,0,0,1,1,0,0,384,0,268,0,1,"ija","0"
"338","isabela","D4",0,0,0,0,0,0,0,0,0,0,0,0,0,0,0,0,"rja","0"
"339","isabela","D5",0,1,0,0,0,0,0,1,1,0,0,452,0,276,0,1,"ija","0"
"340","isabelly","A1",0,0,0,0,0,0,0,0,0,0,0,0,0,0,0,0,"rja","-"
"341","isabelly","A2",0,0,0,0,0,0,0,0,0,0,0,0,0,0,0,0,"ija","-"
"342","isabelly","B2",0,0,0,0,0,0,0,0,0,0,0,0,0,0,0,0,"ija","-"
"343","isabelly","B5",0,0,0,0,0,0,0,0,0,0,0,0,0,0,0,0,"ija","-"
"344","isabelly","B6",0,0,0,0,0,0,0,0,0,0,0,0,0,0,0,0,"rja","-"
"345","isabelly","B7",0,0,0,0,0,0,0,0,0,0,0,0,0,0,0,0,"rja","-"
"346","isabelly","D2",0,0,0,0,0,0,0,0,0,0,0,0,0,0,0,0,"ija","-"
"347","isabelly","D5",0,0,0,0,0,0,0,0,0,0,0,0,0,0,0,0,"ija","-"
"348","joaop","A1",0,0,0,0,0,0,1,0,0,0,0,0,100,0,100,-1,"rja","0"
"349","joaop","B2",0,1,0,0,0,0,0,1,1,0,0,680,0,464,0,1,"ija","0"
"350","joaop","B5",0,0,0,0,0,0,0,0,0,0,0,0,0,0,0,0,"ija","0"
"351","joaop","B6",0,0,0,0,0,0,0,0,0,0,0,0,0,0,0,0,"rja","0"
"352","joaop","D2",0,1,0,0,0,0,0,1,1,0,0,72,0,72,0,1,"ija","0"
"353","leonardo","A1",0,0,0,0,0,0,0,0,0,0,0,0,0,0,0,0,"rja","-"
"354","leonardo","A2",1,0,0,0,0,0,0,1,0,1,0,780,0,398,0,1,"ija","-"
"355","leonardo","A4",0,0,0,0,0,0,0,0,0,0,0,0,0,0,0,0,"rja","-"
"356","leonardo","A6",0,0,0,0,0,0,0,0,0,0,0,0,0,0,0,0,"ija","-"
"357","leonardo","B2",0,1,0,0,0,0,0,1,1,0,0,346,0,346,0,1,"ija","-"
"358","leonardo","B5",0,1,0,0,0,0,0,1,1,0,0,1376,0,356,0,1,"ija","-"
"359","leonardo","B7",0,0,0,1,0,0,1,0,0,-1,0,0,0,0,0,-1,"rja","-"
"360","leonardo","D1",0,0,0,0,0,0,0,0,0,0,0,0,0,0,0,0,"rja","-"
"361","leonardo","D2",1,2,0,0,0,0,0,1,1,1,0,598,0,450,0,1,"ija","-"
"362","leonardo","D4",0,0,0,0,0,0,0,0,0,0,0,0,0,0,0,0,"rja","-"
"363","leonardo","D5",0,1,0,0,0,0,0,1,1,0,0,546,0,546,0,1,"ija","-"
"364","lis","A1",0,0,0,0,0,0,0,0,0,0,0,0,0,0,0,0,"rja","0"
"365","lis","A2",0,0,0,0,0,0,0,0,0,0,0,0,0,0,0,0,"ija","0"
"366","lis","B2",0,0,0,0,0,0,0,0,0,0,0,0,0,0,0,0,"ija","0"
"367","lis","B5",0,0,0,0,0,0,0,0,0,0,0,0,0,0,0,0,"ija","0"
"368","lis","B6",0,0,0,0,0,0,0,0,0,0,0,0,0,0,0,0,"rja","0"
"369","lis","B7",0,0,0,0,0,0,0,0,0,0,0,0,0,0,0,0,"rja","0"
"370","lis","D1",0,0,0,0,0,0,0,0,0,0,0,0,0,0,0,0,"rja","0"
"371","lis","D2",0,0,0,0,0,0,0,0,0,0,0,0,0,0,0,0,"ija","0"
"372","lis","D4",0,0,0,0,0,0,0,0,0,0,0,0,0,0,0,0,"rja","0"
"373","livia","A1",0,0,0,0,0,0,0,0,0,0,0,0,0,0,0,0,"rja","0"
"374","livia","A2",0,0,0,0,0,0,1,0,0,0,0,0,126,0,126,-1,"ija","0"
"375","livia","D4",0,0,0,0,0,0,0,0,0,0,0,0,0,0,0,0,"rja","0"
"376","livia.2","A1",0,0,0,0,0,0,0,0,0,0,0,0,0,0,0,0,"rja","1"
"377","livia.2","A2",0,0,0,0,0,0,0,0,0,0,0,0,0,0,0,0,"ija","1"
"378","livia.2","A4",0,0,0,1,0,0,1,0,0,-1,0,0,0,0,0,-1,"rja","1"
"379","livia.2","A6",0,0,0,0,0,0,0,0,0,0,0,0,0,0,0,0,"ija","1"
"380","livia.2","B2",0,0,0,0,0,0,0,0,0,0,0,0,0,0,0,0,"ija","1"
"381","livia.2","B5",0,1,0,0,0,0,0,1,1,0,0,466,0,466,0,1,"ija","1"
"382","livia.2","B6",0,0,0,0,0,0,0,0,0,0,0,0,0,0,0,0,"rja","1"
"383","livia.2","D1",0,0,0,0,0,0,0,0,0,0,0,0,0,0,0,0,"rja","1"
"384","livia.2","D2",0,0,0,0,0,0,0,0,0,0,0,0,0,0,0,0,"ija","1"
"385","livia.2","D4",0,0,0,0,0,0,0,0,0,0,0,0,0,0,0,0,"rja","1"
"386","livia.2","D5",0,0,0,0,0,0,0,0,0,0,0,0,0,0,0,0,"ija","1"
"387","lorena","A1",0,0,0,1,0,0,1,0,0,-1,0,0,120,0,120,-1,"rja","0"
"388","lorena","A2",0,1,0,0,0,0,0,1,1,0,0,370,0,370,0,1,"ija","0"
"389","lorena","A4",0,0,0,0,0,0,0,0,0,0,0,0,0,0,0,0,"rja","0"
"390","lorena","B7",0,1,0,0,0,0,0,1,1,0,0,314,0,136,0,1,"rja","0"
"391","lorena","D1",1,0,0,0,0,0,0,1,0,1,0,886,0,224,0,1,"rja","0"
"392","lorena","D4",0,0,0,0,0,0,0,0,0,0,0,0,0,0,0,0,"rja","0"
"393","lucas","A4",0,0,0,0,0,0,0,0,0,0,0,0,0,0,0,0,"rja","-"
"394","lucas","B2",0,0,0,0,0,0,0,1,0,0,0,288,0,148,0,1,"ija","-"
"395","lucas","B5",0,0,0,0,0,0,0,0,0,0,0,0,0,0,0,0,"ija","-"
"396","lucas","B6",0,0,0,0,0,0,0,0,0,0,0,0,0,0,0,0,"rja","-"
"397","lucas","B7",0,0,0,0,0,0,0,1,0,0,0,1290,0,108,0,1,"rja","-"
"398","lucas","D1",0,0,0,0,0,0,0,0,0,0,0,0,0,0,0,0,"rja","-"
"399","lucas","D2",0,0,0,0,0,0,0,0,0,0,0,0,0,0,0,0,"ija","-"
"400","lucas","D4",0,0,0,0,0,0,0,0,0,0,0,0,0,0,0,0,"rja","-"
"401","lucas","D5",0,0,0,0,0,0,0,0,0,0,0,0,0,0,0,0,"ija","-"
"402","lucas.2","A2",0,0,0,0,0,0,0,0,0,0,0,0,0,0,0,0,"ija","1"
"403","lucas.2","A6",0,0,0,0,0,0,0,0,0,0,0,0,0,0,0,0,"ija","1"
"404","lucas.2","B2",0,0,0,0,0,0,0,1,0,0,0,328,0,328,0,1,"ija","1"
"405","lucas.2","B5",0,0,0,0,0,0,1,0,0,0,0,0,148,0,58,-1,"ija","1"
"406","lucas.2","B6",0,0,0,0,0,0,0,0,0,0,0,0,0,0,0,0,"rja","1"
"407","lucas.2","B7",0,0,0,0,0,0,0,0,0,0,0,0,0,0,0,0,"rja","1"
"408","lucas.2","D1",0,0,0,0,0,0,0,0,0,0,0,0,0,0,0,0,"rja","1"
"409","lucas.2","D2",0,0,0,0,0,0,1,0,0,0,0,0,0,0,0,-1,"ija","1"
"410","lucas.2","D4",1,0,0,0,0,0,0,1,0,1,0,478,0,478,0,1,"rja","1"
"411","lui","A1",0,0,1,0,0,0,1,0,-1,0,0,0,250,0,250,-1,"rja","0"
"412","lui","A2",0,1,0,1,0,0,1,1,1,-1,0,780,0,314,0,0,"ija","0"
"413","lui","A4",1,2,0,0,0,0,0,1,1,1,0,948,0,166,0,1,"rja","0"
"414","lui","A6",0,1,0,0,0,0,0,1,1,0,0,232,0,232,0,1,"ija","0"
"415","lui","B2",0,1,0,0,0,0,0,1,1,0,0,286,0,286,0,1,"ija","0"
"416","lui","B5",0,1,0,0,0,0,0,1,1,0,0,902,0,460,0,1,"ija","0"
"417","lui","B7",0,0,0,0,0,0,0,0,0,0,0,0,0,0,0,0,"rja","0"
"418","lui","D1",2,1,0,0,0,0,0,1,1,1,0,644,0,410,0,1,"rja","0"
"419","lui","D2",0,1,0,0,0,0,0,1,1,0,0,1248,0,586,0,1,"ija","0"
"420","lui","D4",0,0,0,0,0,0,0,0,0,0,0,0,0,0,0,0,"rja","0"
"421","lui","D5",0,1,0,0,0,0,0,1,1,0,0,450,0,308,0,1,"ija","0"
"422","luiso","A2",0,0,0,0,0,0,0,0,0,0,0,0,0,0,0,0,"ija","0"
"423","luiso","A4",0,0,0,0,0,0,0,0,0,0,0,0,0,0,0,0,"rja","0"
"424","luiso","A6",0,0,0,0,0,0,0,0,0,0,0,0,0,0,0,0,"ija","0"
"425","luiso","B2",0,0,0,0,0,0,0,0,0,0,0,0,0,0,0,0,"ija","0"
"426","luiso","B5",0,0,0,0,0,0,0,0,0,0,0,0,0,0,0,0,"ija","0"
"427","luiso","B6",0,0,0,0,0,0,0,0,0,0,0,0,0,0,0,0,"rja","0"
"428","manu.2","A1",0,0,0,0,0,0,0,0,0,0,0,0,0,0,0,0,"rja","1"
"429","manu.2","A2",1,1,0,0,0,0,0,1,1,1,0,230,0,230,0,1,"ija","1"
"430","manu.2","A4",0,1,0,0,0,0,0,1,1,0,0,4,0,4,0,1,"rja","1"
"431","manu.2","A6",0,0,0,0,0,0,1,1,0,0,0,74,0,74,0,0,"ija","1"
"432","manu.2","B2",0,1,0,0,0,0,0,1,1,0,0,588,0,588,0,1,"ija","1"
"433","manu.2","B5",1,1,0,0,0,0,0,1,1,1,0,1060,0,558,0,1,"ija","1"
"434","manu.2","B6",0,0,0,0,0,0,0,0,0,0,0,0,0,0,0,0,"rja","1"
"435","manu.2","B7",0,0,0,1,0,0,1,0,0,-1,0,0,0,0,0,-1,"rja","1"
"436","manu.2","D1",1,0,0,0,0,0,0,1,0,1,0,176,0,176,0,1,"rja","1"
"437","manu.2","D2",1,1,0,0,0,0,0,1,1,1,0,426,0,426,0,1,"ija","1"
"438","manu.2","D4",0,0,0,0,0,0,0,0,0,0,0,0,0,0,0,0,"rja","1"
"439","manu.2","D5",0,1,0,0,0,0,0,1,1,0,0,222,0,222,0,1,"ija","1"
"440","manuela","A1",0,0,0,0,0,0,0,0,0,0,0,0,0,0,0,0,"rja","0"
"441","manuella","A1",0,0,0,0,0,0,0,0,0,0,0,0,0,0,0,0,"rja","-"
"442","manuella","A2",0,0,0,0,0,0,0,0,0,0,0,0,0,0,0,0,"ija","-"
"443","manuella","A4",0,0,0,0,0,0,0,0,0,0,0,0,0,0,0,0,"rja","-"
"444","manuella","A6",0,0,0,0,0,0,0,0,0,0,0,0,0,0,0,0,"ija","-"
"445","manuella","D1",0,0,0,0,0,0,0,0,0,0,0,0,0,0,0,0,"rja","-"
"446","manuella","D5",0,0,0,0,0,0,0,0,0,0,0,0,0,0,0,0,"ija","-"
"447","marcos","A1",0,0,0,0,0,0,0,0,0,0,0,0,0,0,0,0,"rja","-"
"448","marcos","A2",0,0,0,0,0,0,0,0,0,0,0,0,0,0,0,0,"ija","-"
"449","marcos","A4",0,0,0,0,0,0,0,0,0,0,0,0,0,0,0,0,"rja","-"
"450","marcos","A6",0,0,0,0,0,0,0,0,0,0,0,0,0,0,0,0,"ija","-"
"451","marcos","B5",0,0,0,0,0,0,0,0,0,0,0,0,0,0,0,0,"ija","-"
"452","marcos","B6",0,0,0,0,0,0,0,0,0,0,0,0,0,0,0,0,"rja","-"
"453","marcos","B7",0,0,0,0,0,0,0,0,0,0,0,0,0,0,0,0,"rja","-"
"454","marcos","D1",0,0,0,0,0,0,0,0,0,0,0,0,0,0,0,0,"rja","-"
"455","marcos","D2",1,1,0,0,0,0,0,1,1,1,0,168,0,168,0,1,"ija","-"
"456","marcos","D4",0,0,0,0,0,0,0,0,0,0,0,0,0,0,0,0,"rja","-"
"457","marcos","D5",0,1,0,0,0,0,0,1,1,0,0,148,0,148,0,1,"ija","-"
"458","marialu","A2",0,1,0,0,0,0,0,1,1,0,0,240,0,216,0,1,"ija","0"
"459","marialu","A4",0,0,0,0,0,0,0,0,0,0,0,0,0,0,0,0,"rja","0"
"460","marialu","A6",0,0,0,0,0,0,0,1,0,0,0,388,0,60,0,1,"ija","0"
"461","marialu","B7",0,0,0,1,1,0,1,1,0,-1,1,396,598,396,598,0,"rja","0"
"462","marialu","D1",0,0,0,0,0,0,0,0,0,0,0,0,0,0,0,0,"rja","0"
"463","marialu","D2",0,0,0,0,0,0,0,1,0,0,0,734,0,528,0,1,"ija","0"
"464","maril.2","A1",0,0,0,0,0,0,0,0,0,0,0,0,0,0,0,0,"rja","1"
"465","maril.2","A2",1,1,0,0,0,0,0,1,1,1,0,912,0,316,0,1,"ija","1"
"466","maril.2","A4",0,1,0,0,0,0,0,1,1,0,0,78,0,78,0,1,"rja","1"
"467","maril.2","A6",0,1,0,0,0,0,0,1,1,0,0,250,0,250,0,1,"ija","1"
"468","maril.2","B2",0,1,0,0,0,0,0,1,1,0,0,624,0,624,0,1,"ija","1"
"469","maril.2","B5",1,0,0,0,0,0,0,1,0,1,0,320,0,320,0,1,"ija","1"
"470","maril.2","B6",0,0,0,0,0,0,0,0,0,0,0,0,0,0,0,0,"rja","1"
"471","maril.2","B7",0,0,0,0,0,0,0,0,0,0,0,0,0,0,0,0,"rja","1"
"472","maril.2","D1",0,0,0,0,0,0,0,0,0,0,0,0,0,0,0,0,"rja","1"
"473","maril.2","D2",0,0,0,0,0,0,0,0,0,0,0,0,0,0,0,0,"ija","1"
"474","maril.2","D4",0,0,0,0,0,0,0,0,0,0,0,0,0,0,0,0,"rja","1"
"475","maril.2","D5",0,0,0,0,0,0,0,0,0,0,0,0,0,0,0,0,"ija","1"
"476","miguel","A2",0,1,0,0,0,0,0,1,1,0,0,426,0,400,0,1,"ija","-"
"477","miguel","A4",0,0,0,0,0,0,0,0,0,0,0,0,0,0,0,0,"rja","-"
"478","miguel","A6",0,1,0,0,0,0,0,1,1,0,0,192,0,192,0,1,"ija","-"
"479","miguel","B5",1,2,0,0,0,0,0,1,1,1,0,660,0,34,0,1,"ija","-"
"480","miguel","B6",0,0,0,0,0,0,0,0,0,0,0,0,0,0,0,0,"rja","-"
"481","miguel","B7",1,1,1,1,0,0,1,1,0,0,0,162,506,162,506,0,"rja","-"
"482","miguel","D1",0,0,0,0,0,0,0,0,0,0,0,0,0,0,0,0,"rja","-"
"483","miguel","D2",0,1,0,0,0,0,0,1,1,0,0,688,0,134,0,1,"ija","-"
"484","miguel","D4",0,0,0,0,0,0,0,0,0,0,0,0,0,0,0,0,"rja","-"
"485","miguel","D5",0,1,0,0,0,0,1,1,1,0,0,584,28,414,28,0,"ija","-"
"486","miguel3","A1",0,0,0,0,0,0,0,0,0,0,0,0,0,0,0,0,"rja","-"
"487","miguel3","A2",1,1,0,0,0,0,0,1,1,1,0,340,0,340,0,1,"ija","-"
"488","miguel3","A4",0,0,0,0,0,0,0,0,0,0,0,0,0,0,0,0,"rja","-"
"489","miguel3","A6",1,1,0,0,0,0,0,1,1,1,0,354,0,184,0,1,"ija","-"
"490","miguel3","B2",1,1,0,0,0,0,0,1,1,1,0,788,0,506,0,1,"ija","-"
"491","miguel3","B5",0,1,0,0,0,0,0,1,1,0,0,520,0,520,0,1,"ija","-"
"492","miguel3","B7",0,0,0,0,0,0,0,0,0,0,0,0,0,0,0,0,"rja","-"
"493","miguel3","D1",0,0,0,0,0,0,0,0,0,0,0,0,0,0,0,0,"rja","-"
"494","miguel3","D2",1,1,0,0,0,0,0,1,1,1,0,458,0,458,0,1,"ija","-"
"495","miguel3","D4",0,0,0,0,0,0,0,0,0,0,0,0,0,0,0,0,"rja","-"
"496","miguel3","D5",0,1,0,0,0,0,0,1,1,0,0,468,0,468,0,1,"ija","-"
"497","murilo","A1",0,0,0,0,0,0,0,0,0,0,0,0,0,0,0,0,"rja","0"
"498","murilo","A2",0,1,0,0,0,0,0,1,1,0,0,1040,0,286,0,1,"ija","0"
"499","murilo","A4",0,1,0,0,0,0,0,1,1,0,0,398,0,192,0,1,"rja","0"
"500","murilo","A6",0,1,0,1,0,0,1,1,1,-1,0,146,146,114,146,0,"ija","0"
"501","murilo","B5",0,1,0,0,0,0,0,1,1,0,0,636,0,330,0,1,"ija","0"
"502","murilo","B6",0,0,0,0,0,0,0,0,0,0,0,0,0,0,0,0,"rja","0"
"503","murilo","B7",0,0,0,0,0,0,0,0,0,0,0,0,0,0,0,0,"rja","0"
"504","murilo","D1",0,0,0,0,0,0,0,0,0,0,0,0,0,0,0,0,"rja","0"
"505","murilo","D2",0,1,0,0,0,0,0,1,1,0,0,800,0,302,0,1,"ija","0"
"506","murilo","D4",1,0,0,0,0,0,0,1,0,1,0,0,0,0,0,1,"rja","0"
"507","murilo","D5",0,0,0,0,0,0,0,0,0,0,0,0,0,0,0,0,"ija","0"
"508","olivia","A2",1,0,0,0,0,0,0,1,0,1,0,266,0,266,0,1,"ija","-"
"509","olivia","A4",0,0,0,0,0,0,0,0,0,0,0,0,0,0,0,0,"rja","-"
"510","olivia","B2",0,1,0,0,0,0,0,1,1,0,0,330,0,330,0,1,"ija","-"
"511","olivia","B5",0,0,0,0,0,0,0,1,0,0,0,174,0,174,0,1,"ija","-"
"512","olivia","B6",0,0,0,0,0,0,0,0,0,0,0,0,0,0,0,0,"rja","-"
"513","olivia","B7",0,0,0,0,0,0,0,0,0,0,0,0,0,0,0,0,"rja","-"
"514","olivia","D1",0,0,0,0,0,0,0,0,0,0,0,0,0,0,0,0,"rja","-"
"515","olivia","D2",0,0,0,0,0,0,0,0,0,0,0,0,0,0,0,0,"ija","-"
"516","olivia","D4",0,0,0,0,0,0,0,0,0,0,0,0,0,0,0,0,"rja","-"
"517","olivia","D5",0,0,0,0,0,0,0,0,0,0,0,0,0,0,0,0,"ija","-"
"518","paulo","A1",1,0,0,0,0,0,0,1,0,1,0,480,0,480,0,1,"rja","-"
"519","paulo","A2",1,0,0,0,0,0,0,1,0,1,0,480,0,194,0,1,"ija","-"
"520","paulo","A4",0,0,0,0,0,0,0,0,0,0,0,0,0,0,0,0,"rja","-"
"521","paulo","A6",0,0,0,0,0,0,0,1,0,0,0,360,0,360,0,1,"ija","-"
"522","paulo","B2",1,1,0,0,0,0,0,1,1,1,0,570,0,150,0,1,"ija","-"
"523","paulo","B5",1,0,0,0,0,0,0,1,0,1,0,0,0,0,0,1,"ija","-"
"524","paulo","B6",0,1,0,0,0,0,0,1,1,0,0,356,0,168,0,1,"rja","-"
"525","paulo","B7",1,0,0,0,0,0,0,1,0,1,0,186,0,186,0,1,"rja","-"
"526","paulo","D1",0,0,1,1,0,0,1,0,-1,-1,0,0,276,0,276,-1,"rja","-"
"527","paulo","D2",0,0,0,0,0,0,0,0,0,0,0,0,0,0,0,0,"ija","-"
"528","paulo","D5",0,1,0,0,0,0,0,1,1,0,0,218,0,218,0,1,"ija","-"
"529","pedro","A1",0,0,0,0,0,0,0,1,0,0,0,100,0,100,0,1,"rja","0"
"530","pedro","A2",0,0,0,0,0,0,1,0,0,0,0,0,1580,0,416,-1,"ija","0"
"531","pedro","A6",1,1,0,0,0,0,0,1,1,1,0,156,0,156,0,1,"ija","0"
"532","pedro","B2",0,0,0,0,0,0,1,0,0,0,0,0,416,0,416,-1,"ija","0"
"533","pedro","B5",0,0,0,0,0,0,0,1,0,0,0,450,0,450,0,1,"ija","0"
"534","pedro","B7",0,0,0,0,0,0,0,0,0,0,0,0,0,0,0,0,"rja","0"
"535","pedro","D1",0,0,0,0,0,0,0,0,0,0,0,0,0,0,0,0,"rja","0"
"536","pedro","D2",0,0,0,0,0,0,1,0,0,0,0,0,854,0,476,-1,"ija","0"
"537","pedro","D4",0,0,0,0,0,0,0,0,0,0,0,0,0,0,0,0,"rja","0"
"538","pedro","D5",0,0,0,0,0,0,0,1,0,0,0,68,0,68,0,1,"ija","0"
"539","pedro2","A1",0,0,0,0,0,0,0,0,0,0,0,0,0,0,0,0,"rja","1"
"540","pedro2","A2",1,1,0,0,0,0,0,1,1,1,0,172,0,172,0,1,"ija","1"
"541","pedro2","A4",0,0,0,0,0,0,0,0,0,0,0,0,0,0,0,0,"rja","1"
"542","pedro2","A6",0,0,0,0,0,0,0,1,0,0,0,68,0,68,0,1,"ija","1"
"543","pedro2","B2",0,1,0,0,0,0,0,1,1,0,0,812,0,416,0,1,"ija","1"
"544","pedro2","B5",1,1,0,0,0,0,0,1,1,1,0,312,0,312,0,1,"ija","1"
"545","pedro2","B6",0,0,0,0,0,0,0,0,0,0,0,0,0,0,0,0,"rja","1"
"546","pedro2","B7",1,0,0,0,0,0,0,1,0,1,0,0,0,0,0,1,"rja","1"
"547","pedro2","D1",0,0,0,0,0,0,0,0,0,0,0,0,0,0,0,0,"rja","1"
"548","pedro2","D2",1,1,0,0,0,0,0,1,1,1,0,826,0,242,0,1,"ija","1"
"549","pedro2","D4",0,0,0,0,0,0,0,0,0,0,0,0,0,0,0,0,"rja","1"
"550","pedro2","D5",0,0,0,0,0,0,0,0,0,0,0,0,0,0,0,0,"ija","1"
"551","rafa.2","A1",0,0,0,0,0,0,0,1,0,0,0,422,0,422,0,1,"rja","1"
"552","rafa.2","A4",0,0,0,0,0,0,0,0,0,0,0,0,0,0,0,0,"rja","1"
"553","rafa.2","A6",0,0,0,0,0,0,0,1,0,0,0,58,0,58,0,1,"ija","1"
"554","rafa.2","B2",0,1,0,0,0,0,0,1,1,0,0,716,0,716,0,1,"ija","1"
"555","rafa.2","B5",0,0,0,0,0,1,1,1,0,0,-1,628,370,628,370,0,"ija","1"
"556","rafa.2","D2",0,0,0,0,0,0,0,0,0,0,0,0,0,0,0,0,"ija","1"
"557","rafael","A2",0,1,0,0,0,0,0,1,1,0,0,852,0,156,0,1,"ija","0"
"558","rafael","B2",0,0,0,0,0,0,0,0,0,0,0,0,0,0,0,0,"ija","0"
"559","rafael","B5",0,0,0,0,0,0,0,1,0,0,0,80,0,80,0,1,"ija","0"
"560","rafael","B6",0,0,0,0,0,0,0,0,0,0,0,0,0,0,0,0,"rja","0"
"561","rafael","B7",0,0,0,0,0,0,0,0,0,0,0,0,0,0,0,0,"rja","0"
"562","rafael","D2",0,0,0,0,0,0,0,1,0,0,0,1230,0,1230,0,1,"ija","0"
"563","rafael","D4",0,0,0,0,0,0,0,1,0,0,0,324,0,324,0,1,"rja","0"
"564","rafael","D5",0,1,0,0,0,0,0,1,1,0,0,587,0,382,0,1,"ija","0"
"565","ruben","A1",0,0,0,0,0,0,0,0,0,0,0,0,0,0,0,0,"rja","0"
"566","ruben","A2",0,1,0,0,0,0,0,1,1,0,0,332,0,332,0,1,"ija","0"
"567","ruben","A4",0,0,0,0,0,0,0,0,0,0,0,0,0,0,0,0,"rja","0"
"568","ruben","A6",0,0,0,0,0,0,0,0,0,0,0,0,0,0,0,0,"ija","0"
"569","ruben","B2",0,1,0,0,0,0,0,1,1,0,0,686,0,330,0,1,"ija","0"
"570","ruben","B5",0,1,0,0,0,0,0,1,1,0,0,562,0,562,0,1,"ija","0"
"571","ruben","B6",0,0,0,0,0,0,0,0,0,0,0,0,0,0,0,0,"rja","0"
"572","ruben","D1",0,0,0,0,0,0,0,0,0,0,0,0,0,0,0,0,"rja","0"
"573","ruben","D2",0,0,0,0,0,0,0,1,0,0,0,670,0,670,0,1,"ija","0"
"574","ruben","D4",0,0,0,0,0,0,0,0,0,0,0,0,0,0,0,0,"rja","0"
"575","ruben","D5",0,1,0,0,0,0,0,1,1,0,0,142,0,142,0,1,"ija","0"
"576","sarah","A1",0,0,0,0,0,0,0,0,0,0,0,0,0,0,0,0,"rja","0"
"577","sarah","A2",1,0,0,0,0,0,0,1,0,1,0,620,0,620,0,1,"ija","0"
"578","sarah","A4",0,0,0,0,0,0,0,0,0,0,0,0,0,0,0,0,"rja","0"
"579","sarah","A6",0,0,0,0,0,0,1,0,0,0,0,0,0,0,0,-1,"ija","0"
"580","sarah","B7",0,0,0,0,0,0,0,1,0,0,0,1754,0,1754,0,1,"rja","0"
"581","sarah","D1",0,0,0,0,0,0,0,0,0,0,0,0,0,0,0,0,"rja","0"
"582","sarah","D4",0,0,0,0,0,0,0,0,0,0,0,0,0,0,0,0,"rja","0"
"583","sarah","D5",0,0,0,0,0,0,0,1,0,0,0,424,0,424,0,1,"ija","0"
"584","sarah.2","A1",0,0,0,0,0,0,0,0,0,0,0,0,0,0,0,0,"rja","1"
"585","sarah.2","A2",0,1,0,0,0,0,0,1,1,0,0,578,0,578,0,1,"ija","1"
"586","sarah.2","A4",0,0,0,0,0,0,0,0,0,0,0,0,0,0,0,0,"rja","1"
"587","sarah.2","A6",0,0,0,0,0,0,0,0,0,0,0,0,0,0,0,0,"ija","1"
"588","sarah.2","B2",0,1,0,0,0,0,0,1,1,0,0,60,0,60,0,1,"ija","1"
"589","sarah.2","B5",0,1,0,0,0,0,0,1,1,0,0,60,0,60,0,1,"ija","1"
"590","sarah.2","B7",0,0,0,0,0,0,0,0,0,0,0,0,0,0,0,0,"rja","1"
"591","sarah.2","D1",0,0,0,0,0,0,0,0,0,0,0,0,0,0,0,0,"rja","1"
"592","sarah.2","D2",1,1,0,0,0,0,0,1,1,1,0,404,0,404,0,1,"ija","1"
"593","sarah.2","D4",0,0,0,0,0,0,0,0,0,0,0,0,0,0,0,0,"rja","1"
"594","sarah.2","D5",0,0,0,0,0,0,0,0,0,0,0,0,0,0,0,0,"ija","1"
"595","teofinal","A1",0,0,0,0,0,0,0,0,0,0,0,0,0,0,0,0,"rja","1"
"596","teofinal","A4",0,0,0,0,0,0,0,0,0,0,0,0,0,0,0,0,"rja","1"
"597","teofinal","A6",0,0,0,0,0,0,0,0,0,0,0,0,0,0,0,0,"ija","1"
"598","teofinal","B2",0,0,0,0,0,0,0,0,0,0,0,0,0,0,0,0,"ija","1"
"599","teofinal","B5",0,1,0,0,0,0,0,1,1,0,0,288,0,288,0,1,"ija","1"
"600","teofinal","B6",0,0,0,0,0,0,0,0,0,0,0,0,0,0,0,0,"rja","1"
"601","teofinal","D1",0,0,0,0,0,0,0,0,0,0,0,0,0,0,0,0,"rja","1"
"602","teofinal","D2",1,0,0,0,0,0,0,1,0,1,0,578,0,284,0,1,"ija","1"
"603","teofinal","D4",1,0,0,0,0,0,0,1,0,1,0,168,0,168,0,1,"rja","1"
"604","teofinal","D5",0,1,0,0,0,0,0,1,1,0,0,276,0,276,0,1,"ija","1"
"605","theo","A1",0,0,0,1,0,0,1,0,0,-1,0,0,362,0,362,-1,"rja","0"
"606","theo","A2",0,0,0,0,0,0,0,0,0,0,0,0,0,0,0,0,"ija","0"
"607","theo","A4",0,0,0,0,0,0,0,0,0,0,0,0,0,0,0,0,"rja","0"
"608","theo","A6",0,0,0,0,0,0,0,0,0,0,0,0,0,0,0,0,"ija","0"
"609","theo","B2",0,0,0,0,0,0,0,0,0,0,0,0,0,0,0,0,"ija","0"
"610","theo","B5",0,0,0,0,0,0,0,0,0,0,0,0,0,0,0,0,"ija","0"
"611","theo","B6",0,0,0,0,0,0,0,0,0,0,0,0,0,0,0,0,"rja","0"
"612","theo","B7",0,0,0,0,0,0,0,0,0,0,0,0,0,0,0,0,"rja","0"
"613","theo","D1",0,0,0,0,0,0,0,0,0,0,0,0,0,0,0,0,"rja","0"
"614","theo","D2",0,0,0,0,0,0,0,0,0,0,0,0,0,0,0,0,"ija","0"
"615","theo","D4",0,0,0,0,0,0,0,0,0,0,0,0,0,0,0,0,"rja","0"
"616","theo","D5",0,0,0,0,0,0,0,0,0,0,0,0,0,0,0,0,"ija","0"
"617","valen","A1",0,0,0,0,0,0,0,0,0,0,0,0,0,0,0,0,"rja","0"
"618","valen","A4",0,0,0,0,0,0,0,0,0,0,0,0,0,0,0,0,"rja","0"
"619","valen","A6",0,0,0,0,0,0,0,1,0,0,0,44,0,44,0,1,"ija","0"
"620","valen","B2",0,1,0,0,0,0,0,1,1,0,0,230,0,230,0,1,"ija","0"
"621","valen","B5",0,1,0,0,0,0,0,1,1,0,0,552,0,552,0,1,"ija","0"
"622","valen","B6",0,0,0,0,0,0,0,0,0,0,0,0,0,0,0,0,"rja","0"
"623","valen","B7",0,0,0,0,0,0,0,0,0,0,0,0,0,0,0,0,"rja","0"
"624","valen","D1",0,0,0,0,0,0,0,0,0,0,0,0,0,0,0,0,"rja","0"
"625","valen","D2",0,0,0,0,0,0,0,1,0,0,0,420,0,420,0,1,"ija","0"
"626","valen","D4",0,0,0,0,0,0,0,0,0,0,0,0,0,0,0,0,"rja","0"
"627","valen","D5",0,0,0,0,0,0,0,1,0,0,0,324,0,324,0,1,"ija","0"
"628","yara","A1",0,1,0,0,0,0,0,1,1,0,0,112,0,112,0,1,"rja","0"
"629","yara","A2",0,0,0,0,0,0,0,0,0,0,0,0,0,0,0,0,"ija","0"
"630","yara","A6",0,0,0,0,0,0,0,0,0,0,0,0,0,0,0,0,"ija","0"
"631","yara","B2",0,1,0,0,0,0,0,1,1,0,0,390,0,70,0,1,"ija","0"
"632","yara","B5",0,1,0,0,0,0,0,1,1,0,0,506,0,506,0,1,"ija","0"
"633","yara","B6",0,0,0,0,0,0,0,0,0,0,0,0,0,0,0,0,"rja","0"
"634","yara","B7",0,0,0,0,0,0,0,0,0,0,0,0,0,0,0,0,"rja","0"
"635","yara","D1",1,1,0,0,0,0,0,1,1,1,0,110,0,110,0,1,"rja","0"
"636","yara","D2",0,0,0,0,0,0,0,1,0,0,0,292,0,292,0,1,"ija","0"
"637","yara","D4",0,0,0,0,0,0,0,0,0,0,0,0,0,0,0,0,"rja","0"
"638","yara","D5",0,1,0,0,0,0,0,1,1,0,0,352,0,352,0,1,"ija","0"
"639","yara.2","A1",0,0,0,0,0,0,0,0,0,0,0,0,0,0,0,0,"rja","1"
"640","yara.2","A2",0,1,0,0,1,0,1,1,1,0,1,854,250,854,250,0,"ija","1"
"641","yara.2","A4",0,1,0,0,0,0,0,1,1,0,0,284,0,284,0,1,"rja","1"
"642","yara.2","A6",0,0,0,0,0,0,0,1,0,0,0,480,0,436,0,1,"ija","1"
"643","yara.2","B2",0,1,0,1,0,0,1,1,1,-1,0,594,0,176,0,0,"ija","1"
"644","yara.2","B5",0,1,0,0,0,0,0,1,1,0,0,1040,0,714,0,1,"ija","1"
"645","yara.2","B6",0,0,0,0,0,0,0,0,0,0,0,0,0,0,0,0,"rja","1"
"646","yara.2","B7",0,0,0,0,0,0,0,0,0,0,0,0,0,0,0,0,"rja","1"
"647","yara.2","D1",0,0,0,0,0,0,0,0,0,0,0,0,0,0,0,0,"rja","1"
"648","yara.2","D2",0,0,0,0,0,0,0,1,0,0,0,378,0,378,0,1,"ija","1"
"649","yara.2","D4",0,1,0,0,0,0,0,1,1,0,0,336,0,336,0,1,"rja","1"
"650","yara.2","D5",0,1,0,0,0,0,0,1,1,0,0,534,0,534,0,1,"ija","1"
