"","video","crianca","parte","fixacoes","acerto_fundo","acerto_frente","olhou_pro_errado"
"1","A1","adam","cruz",2,0,0,0
"2","A1","adam","pos_cruz",5,0,0,0
"3","A1","adam","pre_cruz",2,0,0,1
"4","A1","ana","pos_cruz",2,2,0,0
"5","A1","ana","pre_cruz",2,0,0,0
"6","A1","andre2t","pre_cruz",4,1,0,0
"7","A1","anelise","pos_cruz",4,4,0,0
"8","A1","anelise","pre_cruz",11,11,0,0
"9","A1","anili.2","cruz",2,2,0,0
"10","A1","anili.2","pos_cruz",2,2,0,0
"11","A1","anili.2","pre_cruz",8,7,1,0
"12","A1","anne","cruz",1,1,0,0
"13","A1","anne","pos_cruz",4,3,0,0
"14","A1","anne","pre_cruz",16,2,0,2
"15","A1","arthur","pre_cruz",1,0,0,0
"16","A1","asafe.2","cruz",3,2,0,0
"17","A1","asafe.2","pos_cruz",2,2,0,0
"18","A1","asafe.2","pre_cruz",7,6,0,0
"19","A1","ayla","cruz",1,0,0,1
"20","A1","ayla","pos_cruz",2,2,0,0
"21","A1","ayla","pre_cruz",4,4,0,0
"22","A1","ayla.2","cruz",1,1,0,0
"23","A1","ayla.2","pos_cruz",1,1,0,0
"24","A1","ayla.2","pre_cruz",7,5,0,0
"25","A1","bernardo","pre_cruz",10,5,0,4
"26","A1","cecilia","pos_cruz",2,2,0,0
"27","A1","cecilia","pre_cruz",5,5,0,0
"28","A1","clari.2","pos_cruz",2,2,0,0
"29","A1","clari.2","pre_cruz",7,6,1,0
"30","A1","clarice","cruz",1,0,0,0
"31","A1","clarice","pos_cruz",2,1,0,0
"32","A1","clarice","pre_cruz",7,3,0,1
"33","A1","diana","cruz",1,1,0,0
"34","A1","diana","pos_cruz",2,2,0,0
"35","A1","diana","pre_cruz",22,17,2,0
"36","A1","edu.2","pos_cruz",1,1,0,0
"37","A1","edu.2","pre_cruz",6,4,1,0
"38","A1","emanuela","pos_cruz",1,1,0,0
"39","A1","emanuela","pre_cruz",7,6,0,0
"40","A1","emanuele","pos_cruz",2,2,0,0
"41","A1","emanuele","pre_cruz",6,5,1,0
"42","A1","ernesto","pos_cruz",1,1,0,0
"43","A1","ernesto","pre_cruz",6,4,1,0
"44","A1","everton","cruz",2,2,0,0
"45","A1","everton","pos_cruz",5,4,1,0
"46","A1","everton","pre_cruz",13,13,0,0
"47","A1","felipe","pre_cruz",4,0,0,1
"48","A1","fidel","pos_cruz",1,1,0,0
"49","A1","fidel","pre_cruz",34,32,0,2
"50","A1","franc","cruz",1,1,0,0
"51","A1","franc","pos_cruz",1,1,0,0
"52","A1","franc","pre_cruz",6,2,1,0
"53","A1","gabi21t","cruz",3,0,0,0
"54","A1","gabi21t","pos_cruz",1,0,0,0
"55","A1","gabi21t","pre_cruz",26,0,0,0
"56","A1","gabif.2","pos_cruz",2,2,0,0
"57","A1","gabif.2","pre_cruz",10,4,4,0
"58","A1","gabrielaf","pre_cruz",7,1,5,1
"59","A1","gui","pos_cruz",1,1,0,0
"60","A1","gui","pre_cruz",6,4,1,0
"61","A1","gui.2","pos_cruz",3,3,0,0
"62","A1","gui.2","pre_cruz",6,6,0,0
"63","A1","heitor","pos_cruz",1,1,0,0
"64","A1","heitor","pre_cruz",6,6,0,0
"65","A1","heitor.2","cruz",1,1,0,0
"66","A1","heitor.2","pos_cruz",4,4,0,0
"67","A1","heitor.2","pre_cruz",7,5,0,0
"68","A1","heitorm","cruz",1,1,0,0
"69","A1","heitorm","pos_cruz",1,1,0,0
"70","A1","heitorm","pre_cruz",5,4,0,0
"71","A1","ingrid","pos_cruz",6,0,0,0
"72","A1","ingrid","pre_cruz",4,0,0,0
"73","A1","ingrid.2","pos_cruz",1,1,0,0
"74","A1","ingrid.2","pre_cruz",5,3,2,0
"75","A1","isabela","cruz",1,0,0,0
"76","A1","isabela","pos_cruz",2,2,0,0
"77","A1","isabela","pre_cruz",6,2,2,0
"78","A1","isabelly","cruz",2,2,0,0
"79","A1","isabelly","pre_cruz",7,7,0,0
"80","A1","joaop","cruz",1,1,0,0
"81","A1","joaop","pos_cruz",2,0,0,1
"82","A1","joaop","pre_cruz",4,4,0,0
"83","A1","leonardo","cruz",1,1,0,0
"84","A1","leonardo","pos_cruz",1,1,0,0
"85","A1","leonardo","pre_cruz",5,4,0,0
"86","A1","lis","pos_cruz",1,0,0,0
"87","A1","lis","pre_cruz",11,2,0,0
"88","A1","livia","pos_cruz",1,1,0,0
"89","A1","livia","pre_cruz",9,5,4,0
"90","A1","livia.2","cruz",1,1,0,0
"91","A1","livia.2","pos_cruz",2,2,0,0
"92","A1","livia.2","pre_cruz",5,5,0,0
"93","A1","lorena","pos_cruz",3,2,0,1
"94","A1","lorena","pre_cruz",5,5,0,0
"95","A1","lucas.2","pre_cruz",5,4,0,0
"96","A1","lui","cruz",1,1,0,0
"97","A1","lui","pos_cruz",3,1,0,1
"98","A1","lui","pre_cruz",6,3,0,1
"99","A1","luiso","pre_cruz",10,0,0,1
"100","A1","manu.2","cruz",1,1,0,0
"101","A1","manu.2","pos_cruz",3,3,0,0
"102","A1","manu.2","pre_cruz",6,5,1,0
"103","A1","manuela","pos_cruz",1,0,0,0
"104","A1","manuela","pre_cruz",2,0,0,0
"105","A1","manuella","cruz",1,1,0,0
"106","A1","manuella","pos_cruz",2,1,0,0
"107","A1","manuella","pre_cruz",17,12,0,0
"108","A1","marcos","pos_cruz",3,3,0,0
"109","A1","marcos","pre_cruz",14,9,1,0
"110","A1","marialu","pre_cruz",6,3,0,0
"111","A1","maril.2","pos_cruz",3,3,0,0
"112","A1","maril.2","pre_cruz",5,4,1,0
"113","A1","miguel","pre_cruz",22,10,1,0
"114","A1","miguel3","cruz",2,2,0,0
"115","A1","miguel3","pos_cruz",1,1,0,0
"116","A1","miguel3","pre_cruz",9,7,1,0
"117","A1","murilo","pos_cruz",7,3,0,0
"118","A1","murilo","pre_cruz",6,6,0,0
"119","A1","olivia","pre_cruz",7,5,1,0
"120","A1","paulo","cruz",1,0,1,0
"121","A1","paulo","pos_cruz",4,1,1,0
"122","A1","paulo","pre_cruz",12,1,2,2
"123","A1","pedro","cruz",1,0,0,0
"124","A1","pedro","pos_cruz",4,0,1,0
"125","A1","pedro","pre_cruz",5,0,1,0
"126","A1","pedro2","pos_cruz",2,1,0,0
"127","A1","pedro2","pre_cruz",7,6,0,0
"128","A1","rafa.2","pos_cruz",1,0,1,0
"129","A1","rafa.2","pre_cruz",7,1,4,0
"130","A1","rafael","pre_cruz",14,9,0,1
"131","A1","ruben","cruz",1,1,0,0
"132","A1","ruben","pos_cruz",1,1,0,0
"133","A1","ruben","pre_cruz",5,5,0,0
"134","A1","sarah","pos_cruz",2,1,0,0
"135","A1","sarah","pre_cruz",5,2,0,0
"136","A1","sarah.2","pos_cruz",3,2,0,0
"137","A1","sarah.2","pre_cruz",3,2,0,0
"138","A1","teofinal","cruz",1,0,0,0
"139","A1","teofinal","pos_cruz",3,2,0,0
"140","A1","teofinal","pre_cruz",6,5,0,0
"141","A1","theo","cruz",1,1,0,0
"142","A1","theo","pos_cruz",4,2,0,1
"143","A1","theo","pre_cruz",5,5,0,0
"144","A1","valen","pos_cruz",1,1,0,0
"145","A1","valen","pre_cruz",4,4,0,0
"146","A1","yara","cruz",1,1,0,0
"147","A1","yara","pos_cruz",1,0,1,0
"148","A1","yara","pre_cruz",8,3,2,0
"149","A1","yara.2","cruz",1,1,0,0
"150","A1","yara.2","pos_cruz",1,1,0,0
"151","A1","yara.2","pre_cruz",12,10,0,1
"152","A2","adam","pos_cruz",5,0,0,0
"153","A2","adam","pre_cruz",8,0,0,0
"154","A2","ana","pre_cruz",5,5,0,0
"155","A2","andre2t","pre_cruz",2,1,0,0
"156","A2","anelise","pos_cruz",4,3,1,0
"157","A2","anelise","pre_cruz",9,9,0,0
"158","A2","anili.2","pos_cruz",6,3,2,0
"159","A2","anili.2","pre_cruz",7,6,0,0
"160","A2","anne","cruz",1,0,0,0
"161","A2","anne","pos_cruz",3,0,0,0
"162","A2","anne","pre_cruz",7,0,1,1
"163","A2","arthur","pos_cruz",3,0,0,2
"164","A2","arthur","pre_cruz",1,0,0,0
"165","A2","asafe.2","cruz",1,0,0,0
"166","A2","asafe.2","pos_cruz",3,2,0,1
"167","A2","asafe.2","pre_cruz",4,4,0,0
"168","A2","ayla","cruz",1,1,0,0
"169","A2","ayla","pos_cruz",3,2,1,0
"170","A2","ayla","pre_cruz",4,4,0,0
"171","A2","ayla.2","pos_cruz",2,2,0,0
"172","A2","ayla.2","pre_cruz",8,7,0,0
"173","A2","bernardo","pre_cruz",7,2,0,0
"174","A2","cecilia","cruz",1,1,0,0
"175","A2","cecilia","pos_cruz",2,0,2,0
"176","A2","cecilia","pre_cruz",7,7,0,0
"177","A2","clari.2","pos_cruz",4,1,2,0
"178","A2","clari.2","pre_cruz",6,4,1,1
"179","A2","clarice","cruz",1,1,0,0
"180","A2","clarice","pos_cruz",4,1,2,1
"181","A2","clarice","pre_cruz",7,4,1,0
"182","A2","diana","pre_cruz",3,2,0,0
"183","A2","edu.2","pos_cruz",2,1,1,0
"184","A2","edu.2","pre_cruz",7,7,0,0
"185","A2","emanuela","cruz",2,2,0,0
"186","A2","emanuela","pre_cruz",5,4,0,0
"187","A2","emanuele","pos_cruz",4,3,1,0
"188","A2","emanuele","pre_cruz",4,3,0,0
"189","A2","ernesto","cruz",1,1,0,0
"190","A2","ernesto","pos_cruz",5,2,3,0
"191","A2","ernesto","pre_cruz",6,5,0,0
"192","A2","everton","cruz",2,2,0,0
"193","A2","everton","pos_cruz",7,7,0,0
"194","A2","everton","pre_cruz",10,7,0,3
"195","A2","fidel","pos_cruz",7,7,0,0
"196","A2","fidel","pre_cruz",18,18,0,0
"197","A2","franc","pre_cruz",3,0,2,0
"198","A2","gabi21t","cruz",2,0,0,0
"199","A2","gabi21t","pos_cruz",7,2,0,3
"200","A2","gabi21t","pre_cruz",22,0,0,5
"201","A2","gabif.2","pre_cruz",4,2,1,0
"202","A2","gabrielaf","pre_cruz",7,1,3,0
"203","A2","gui","cruz",1,1,0,0
"204","A2","gui","pos_cruz",1,1,0,0
"205","A2","gui","pre_cruz",6,5,0,0
"206","A2","gui.2","pos_cruz",2,0,0,0
"207","A2","gui.2","pre_cruz",5,5,0,0
"208","A2","heitor","pos_cruz",2,2,0,0
"209","A2","heitor","pre_cruz",5,5,0,0
"210","A2","heitor.2","cruz",1,1,0,0
"211","A2","heitor.2","pos_cruz",5,2,2,0
"212","A2","heitor.2","pre_cruz",6,4,0,0
"213","A2","heitorm","pos_cruz",4,1,0,3
"214","A2","heitorm","pre_cruz",6,6,0,0
"215","A2","ingrid","pre_cruz",4,0,0,0
"216","A2","ingrid.2","pos_cruz",2,1,1,0
"217","A2","ingrid.2","pre_cruz",8,6,2,0
"218","A2","isabela","pos_cruz",9,2,2,0
"219","A2","isabela","pre_cruz",6,6,0,0
"220","A2","isabelly","cruz",1,1,0,0
"221","A2","isabelly","pos_cruz",3,2,0,0
"222","A2","isabelly","pre_cruz",2,1,0,0
"223","A2","leonardo","pos_cruz",4,2,2,0
"224","A2","leonardo","pre_cruz",4,4,0,0
"225","A2","lis","cruz",2,1,0,0
"226","A2","lis","pos_cruz",2,0,0,0
"227","A2","lis","pre_cruz",13,4,0,0
"228","A2","livia","pos_cruz",1,0,0,1
"229","A2","livia","pre_cruz",6,5,0,0
"230","A2","livia.2","cruz",1,1,0,0
"231","A2","livia.2","pos_cruz",2,2,0,0
"232","A2","livia.2","pre_cruz",9,8,0,0
"233","A2","lorena","pos_cruz",5,4,1,0
"234","A2","lorena","pre_cruz",3,3,0,0
"235","A2","lucas","pre_cruz",15,0,0,0
"236","A2","lucas.2","pos_cruz",2,0,0,0
"237","A2","lucas.2","pre_cruz",23,13,0,4
"238","A2","lui","cruz",1,0,0,1
"239","A2","lui","pos_cruz",4,2,2,0
"240","A2","lui","pre_cruz",9,5,3,0
"241","A2","luiso","pos_cruz",1,0,0,0
"242","A2","luiso","pre_cruz",10,0,0,0
"243","A2","manu.2","pos_cruz",3,2,1,0
"244","A2","manu.2","pre_cruz",8,7,0,0
"245","A2","manuella","cruz",2,0,0,0
"246","A2","manuella","pos_cruz",4,1,0,0
"247","A2","manuella","pre_cruz",6,1,0,0
"248","A2","marcos","cruz",1,1,0,0
"249","A2","marcos","pos_cruz",1,1,0,0
"250","A2","marcos","pre_cruz",7,6,0,0
"251","A2","marialu","cruz",3,3,0,0
"252","A2","marialu","pos_cruz",2,0,2,0
"253","A2","marialu","pre_cruz",6,3,0,0
"254","A2","maril.2","pos_cruz",5,3,2,0
"255","A2","maril.2","pre_cruz",8,6,2,0
"256","A2","miguel","cruz",1,1,0,0
"257","A2","miguel","pos_cruz",3,0,2,0
"258","A2","miguel","pre_cruz",14,5,1,0
"259","A2","miguel3","pos_cruz",7,5,1,0
"260","A2","miguel3","pre_cruz",2,2,0,0
"261","A2","murilo","cruz",1,1,0,0
"262","A2","murilo","pos_cruz",2,0,2,0
"263","A2","murilo","pre_cruz",5,4,1,0
"264","A2","olivia","pos_cruz",2,1,1,0
"265","A2","olivia","pre_cruz",7,4,1,0
"266","A2","paulo","cruz",2,0,1,0
"267","A2","paulo","pos_cruz",9,2,3,0
"268","A2","paulo","pre_cruz",7,2,1,0
"269","A2","pedro","pos_cruz",2,0,0,2
"270","A2","pedro","pre_cruz",7,0,1,1
"271","A2","pedro2","cruz",1,1,0,0
"272","A2","pedro2","pos_cruz",5,4,1,0
"273","A2","pedro2","pre_cruz",6,5,0,0
"274","A2","rafa.2","pre_cruz",5,1,4,0
"275","A2","rafael","pos_cruz",11,3,7,0
"276","A2","rafael","pre_cruz",13,10,0,0
"277","A2","ruben","cruz",1,1,0,0
"278","A2","ruben","pos_cruz",2,1,1,0
"279","A2","ruben","pre_cruz",5,5,0,0
"280","A2","sarah","pos_cruz",2,1,1,0
"281","A2","sarah","pre_cruz",2,1,0,0
"282","A2","sarah.2","cruz",1,1,0,0
"283","A2","sarah.2","pos_cruz",2,1,1,0
"284","A2","sarah.2","pre_cruz",3,3,0,0
"285","A2","teofinal","pre_cruz",6,4,0,0
"286","A2","theo","pos_cruz",4,4,0,0
"287","A2","theo","pre_cruz",6,5,0,0
"288","A2","valen","pre_cruz",4,3,1,0
"289","A2","yara","pos_cruz",5,1,0,0
"290","A2","yara","pre_cruz",4,1,0,0
"291","A2","yara.2","pos_cruz",5,3,1,1
"292","A2","yara.2","pre_cruz",5,4,0,0
"293","A3","adam","baseline",10,0,0,0
"294","A3","ana","baseline",2,1,0,0
"295","A3","andre2t","baseline",3,0,0,0
"296","A3","anelise","baseline",8,5,0,0
"297","A3","anili.2","baseline",8,6,0,0
"298","A3","anne","baseline",17,0,0,0
"299","A3","arthur","baseline",2,0,0,0
"300","A3","asafe.2","baseline",8,7,0,0
"301","A3","ayla","baseline",6,6,0,0
"302","A3","ayla.2","baseline",6,6,0,0
"303","A3","bernardo","baseline",1,0,0,0
"304","A3","cecilia","baseline",12,8,0,0
"305","A3","clari.2","baseline",12,3,0,0
"306","A3","clarice","baseline",11,4,0,0
"307","A3","diana","baseline",14,6,0,0
"308","A3","edu.2","baseline",6,6,0,0
"309","A3","emanuela","baseline",6,3,0,0
"310","A3","emanuele","baseline",6,5,0,0
"311","A3","ernesto","baseline",7,6,0,0
"312","A3","everton","baseline",16,12,0,0
"313","A3","felipe","baseline",7,0,0,0
"314","A3","fidel","baseline",10,5,0,0
"315","A3","franc","baseline",6,1,0,0
"316","A3","gabi21t","baseline",24,0,0,0
"317","A3","gabif.2","baseline",11,6,0,0
"318","A3","gabrielaf","baseline",3,1,0,0
"319","A3","gui","baseline",6,3,0,0
"320","A3","gui.2","baseline",8,7,0,0
"321","A3","heitor","baseline",12,11,0,0
"322","A3","heitor.2","baseline",7,5,0,0
"323","A3","heitorm","baseline",7,6,0,0
"324","A3","ingrid","baseline",8,0,0,0
"325","A3","ingrid.2","baseline",6,4,0,0
"326","A3","isabela","baseline",7,3,0,0
"327","A3","isabelly","baseline",6,5,0,0
"328","A3","leonardo","baseline",13,5,0,0
"329","A3","lis","baseline",11,3,0,0
"330","A3","livia","baseline",14,5,0,0
"331","A3","livia.2","baseline",6,3,0,0
"332","A3","lorena","baseline",14,9,0,0
"333","A3","lucas","baseline",9,0,0,0
"334","A3","lucas.2","baseline",8,5,0,0
"335","A3","lui","baseline",11,4,0,0
"336","A3","luiso","baseline",7,0,0,0
"337","A3","manu.2","baseline",6,6,0,0
"338","A3","manuella","baseline",13,6,0,0
"339","A3","marcos","baseline",9,9,0,0
"340","A3","marialu","baseline",5,4,0,0
"341","A3","maril.2","baseline",4,4,0,0
"342","A3","miguel","baseline",30,10,0,0
"343","A3","miguel3","baseline",10,10,0,0
"344","A3","murilo","baseline",2,2,0,0
"345","A3","olivia","baseline",3,2,0,0
"346","A3","paulo","baseline",15,6,0,0
"347","A3","pedro","baseline",10,0,0,0
"348","A3","pedro2","baseline",10,6,0,0
"349","A3","rafa.2","baseline",6,0,0,0
"350","A3","rafael","baseline",13,3,0,0
"351","A3","ruben","baseline",8,1,0,0
"352","A3","sarah","baseline",7,4,0,0
"353","A3","sarah.2","baseline",9,7,0,0
"354","A3","teofinal","baseline",6,2,0,0
"355","A3","theo","baseline",14,11,0,0
"356","A3","yara","baseline",13,3,0,0
"357","A3","yara.2","baseline",11,9,0,0
"358","A4","adam","cruz",1,0,0,0
"359","A4","adam","pos_cruz",5,0,0,0
"360","A4","adam","pre_cruz",23,0,0,0
"361","A4","ana","cruz",1,1,0,0
"362","A4","ana","pos_cruz",3,3,0,0
"363","A4","ana","pre_cruz",7,6,1,0
"364","A4","andre2t","pos_cruz",1,0,0,0
"365","A4","andre2t","pre_cruz",5,1,0,0
"366","A4","anelise","cruz",1,1,0,0
"367","A4","anelise","pos_cruz",2,2,0,0
"368","A4","anelise","pre_cruz",6,4,1,0
"369","A4","anili.2","pre_cruz",3,3,0,0
"370","A4","anne","cruz",1,1,0,0
"371","A4","anne","pre_cruz",31,5,8,0
"372","A4","asafe","pre_cruz",2,1,0,0
"373","A4","asafe.2","cruz",1,0,1,0
"374","A4","asafe.2","pos_cruz",3,3,0,0
"375","A4","asafe.2","pre_cruz",8,3,4,0
"376","A4","ayla","pos_cruz",4,4,0,0
"377","A4","ayla","pre_cruz",5,4,0,0
"378","A4","ayla.2","pos_cruz",2,2,0,0
"379","A4","ayla.2","pre_cruz",6,6,0,0
"380","A4","cecilia","cruz",1,1,0,0
"381","A4","cecilia","pos_cruz",3,1,2,0
"382","A4","cecilia","pre_cruz",6,6,0,0
"383","A4","clari.2","pos_cruz",2,2,0,0
"384","A4","clari.2","pre_cruz",8,3,2,0
"385","A4","clarice","pos_cruz",1,0,0,0
"386","A4","clarice","pre_cruz",5,1,0,1
"387","A4","diana","pos_cruz",3,3,0,0
"388","A4","diana","pre_cruz",5,3,1,0
"389","A4","edu.2","pos_cruz",3,2,1,0
"390","A4","edu.2","pre_cruz",4,2,2,0
"391","A4","emanuela","pos_cruz",2,2,0,0
"392","A4","emanuela","pre_cruz",6,4,0,0
"393","A4","emanuele","pos_cruz",2,2,0,0
"394","A4","emanuele","pre_cruz",6,4,1,0
"395","A4","ernesto","pos_cruz",3,3,0,0
"396","A4","ernesto","pre_cruz",7,5,2,0
"397","A4","everton","cruz",1,1,0,0
"398","A4","everton","pos_cruz",5,5,0,0
"399","A4","everton","pre_cruz",18,14,3,0
"400","A4","felipe","cruz",1,0,0,0
"401","A4","felipe","pos_cruz",1,0,0,0
"402","A4","felipe","pre_cruz",5,0,0,0
"403","A4","fidel","pre_cruz",25,23,0,0
"404","A4","gabi21t","pos_cruz",8,0,0,0
"405","A4","gabi21t","pre_cruz",12,0,0,0
"406","A4","gabif.2","pos_cruz",4,2,0,1
"407","A4","gabif.2","pre_cruz",6,1,0,0
"408","A4","gabrielaf","pre_cruz",6,1,5,0
"409","A4","gui","cruz",1,1,0,0
"410","A4","gui","pos_cruz",4,3,1,0
"411","A4","gui","pre_cruz",4,3,1,0
"412","A4","gui.2","pos_cruz",2,2,0,0
"413","A4","gui.2","pre_cruz",4,3,0,0
"414","A4","heitor","pre_cruz",5,4,0,0
"415","A4","heitor.2","cruz",1,1,0,0
"416","A4","heitor.2","pos_cruz",2,0,2,0
"417","A4","heitor.2","pre_cruz",6,4,0,1
"418","A4","heitorm","pos_cruz",3,2,1,0
"419","A4","heitorm","pre_cruz",4,4,0,0
"420","A4","ingrid","cruz",2,0,0,0
"421","A4","ingrid","pre_cruz",9,0,0,0
"422","A4","ingrid.2","pos_cruz",3,2,0,1
"423","A4","ingrid.2","pre_cruz",11,8,1,2
"424","A4","isabela","cruz",1,1,0,0
"425","A4","isabela","pos_cruz",3,2,1,0
"426","A4","isabela","pre_cruz",7,7,0,0
"427","A4","isabelly","pre_cruz",1,1,0,0
"428","A4","joaop","pre_cruz",5,4,1,0
"429","A4","leonardo","pos_cruz",3,3,0,0
"430","A4","leonardo","pre_cruz",7,3,3,0
"431","A4","lis","pre_cruz",1,1,0,0
"432","A4","livia","pre_cruz",8,1,0,3
"433","A4","livia.2","cruz",1,0,0,1
"434","A4","livia.2","pos_cruz",5,5,0,0
"435","A4","livia.2","pre_cruz",6,6,0,0
"436","A4","lorena","pos_cruz",2,2,0,0
"437","A4","lorena","pre_cruz",11,6,0,0
"438","A4","lucas","cruz",1,0,0,0
"439","A4","lucas","pos_cruz",2,0,0,0
"440","A4","lucas","pre_cruz",17,0,0,1
"441","A4","lucas.2","pre_cruz",1,1,0,0
"442","A4","lui","cruz",1,1,0,0
"443","A4","lui","pos_cruz",5,1,4,0
"444","A4","lui","pre_cruz",12,2,1,6
"445","A4","luiso","pos_cruz",3,0,0,0
"446","A4","luiso","pre_cruz",7,0,0,0
"447","A4","manu.2","pos_cruz",6,5,1,0
"448","A4","manu.2","pre_cruz",3,3,0,0
"449","A4","manuela","pre_cruz",1,0,0,0
"450","A4","manuella","cruz",1,0,0,0
"451","A4","manuella","pos_cruz",2,1,0,0
"452","A4","manuella","pre_cruz",11,1,0,0
"453","A4","marcos","cruz",1,1,0,0
"454","A4","marcos","pos_cruz",2,2,0,0
"455","A4","marcos","pre_cruz",6,6,0,0
"456","A4","marialu","pos_cruz",5,5,0,0
"457","A4","marialu","pre_cruz",6,5,1,0
"458","A4","maril.2","pos_cruz",4,3,1,0
"459","A4","maril.2","pre_cruz",7,7,0,0
"460","A4","miguel","cruz",2,1,0,0
"461","A4","miguel","pos_cruz",8,2,0,0
"462","A4","miguel","pre_cruz",22,7,0,3
"463","A4","miguel3","cruz",1,1,0,0
"464","A4","miguel3","pos_cruz",3,3,0,0
"465","A4","miguel3","pre_cruz",5,5,0,0
"466","A4","murilo","pos_cruz",3,1,2,0
"467","A4","murilo","pre_cruz",5,3,0,0
"468","A4","olivia","cruz",1,1,0,0
"469","A4","olivia","pos_cruz",2,2,0,0
"470","A4","olivia","pre_cruz",8,5,0,1
"471","A4","paulo","cruz",2,0,0,0
"472","A4","paulo","pos_cruz",5,1,0,0
"473","A4","paulo","pre_cruz",9,3,2,0
"474","A4","pedro","pre_cruz",11,3,1,0
"475","A4","pedro2","cruz",2,2,0,0
"476","A4","pedro2","pre_cruz",10,6,2,0
"477","A4","rafa.2","cruz",2,0,0,0
"478","A4","rafa.2","pos_cruz",4,2,0,0
"479","A4","rafa.2","pre_cruz",8,0,1,1
"480","A4","rafael","pre_cruz",13,7,0,1
"481","A4","ruben","pos_cruz",1,1,0,0
"482","A4","ruben","pre_cruz",5,4,0,1
"483","A4","sarah","cruz",1,0,0,0
"484","A4","sarah","pos_cruz",1,1,0,0
"485","A4","sarah","pre_cruz",4,1,0,0
"486","A4","sarah.2","pos_cruz",1,1,0,0
"487","A4","sarah.2","pre_cruz",6,6,0,0
"488","A4","teofinal","pos_cruz",3,3,0,0
"489","A4","teofinal","pre_cruz",8,5,0,0
"490","A4","theo","cruz",1,1,0,0
"491","A4","theo","pos_cruz",3,3,0,0
"492","A4","theo","pre_cruz",12,11,0,0
"493","A4","valen","pos_cruz",3,3,0,0
"494","A4","valen","pre_cruz",4,1,2,0
"495","A4","yara","pre_cruz",7,1,4,0
"496","A4","yara.2","pos_cruz",7,3,1,0
"497","A4","yara.2","pre_cruz",7,6,1,0
"498","A6","adam","cruz",1,0,0,0
"499","A6","adam","pos_cruz",3,0,0,0
"500","A6","adam","pre_cruz",14,0,0,0
"501","A6","ana","cruz",2,2,0,0
"502","A6","ana","pos_cruz",2,2,0,0
"503","A6","ana","pre_cruz",5,4,0,0
"504","A6","andre2t","pre_cruz",2,1,0,0
"505","A6","anelise","cruz",1,0,1,0
"506","A6","anelise","pre_cruz",11,8,1,0
"507","A6","anili.2","cruz",2,2,0,0
"508","A6","anili.2","pos_cruz",4,2,2,0
"509","A6","anili.2","pre_cruz",10,10,0,0
"510","A6","anne","cruz",3,0,0,0
"511","A6","anne","pos_cruz",1,0,0,0
"512","A6","anne","pre_cruz",25,0,0,0
"513","A6","arthur","pre_cruz",1,0,0,0
"514","A6","asafe","pre_cruz",2,0,0,0
"515","A6","asafe.2","pos_cruz",2,1,1,0
"516","A6","asafe.2","pre_cruz",6,4,1,0
"517","A6","ayla","cruz",1,1,0,0
"518","A6","ayla","pre_cruz",3,2,0,0
"519","A6","ayla.2","pos_cruz",2,1,1,0
"520","A6","ayla.2","pre_cruz",6,5,1,0
"521","A6","bernardo","pre_cruz",9,3,1,0
"522","A6","cecilia","cruz",2,0,0,2
"523","A6","cecilia","pos_cruz",2,1,1,0
"524","A6","cecilia","pre_cruz",6,4,1,0
"525","A6","clari.2","cruz",2,0,1,0
"526","A6","clari.2","pos_cruz",2,1,0,1
"527","A6","clari.2","pre_cruz",9,6,1,2
"528","A6","clarice","pre_cruz",6,4,1,0
"529","A6","diana","pos_cruz",1,1,0,0
"530","A6","diana","pre_cruz",4,2,1,0
"531","A6","edu.2","pos_cruz",1,0,1,0
"532","A6","edu.2","pre_cruz",10,4,4,0
"533","A6","emanuela","pos_cruz",2,0,2,0
"534","A6","emanuela","pre_cruz",8,7,0,0
"535","A6","emanuele","pos_cruz",2,0,1,0
"536","A6","emanuele","pre_cruz",6,5,1,0
"537","A6","ernesto","pos_cruz",1,0,1,0
"538","A6","ernesto","pre_cruz",3,3,0,0
"539","A6","everton","cruz",2,2,0,0
"540","A6","everton","pos_cruz",4,2,2,0
"541","A6","everton","pre_cruz",14,14,0,0
"542","A6","felipe","cruz",2,0,0,0
"543","A6","felipe","pre_cruz",13,0,0,0
"544","A6","fidel","cruz",1,1,0,0
"545","A6","fidel","pos_cruz",2,0,2,0
"546","A6","fidel","pre_cruz",18,17,0,0
"547","A6","franc","cruz",1,0,0,0
"548","A6","franc","pos_cruz",1,0,1,0
"549","A6","franc","pre_cruz",5,0,2,1
"550","A6","gabi21t","cruz",1,0,0,0
"551","A6","gabi21t","pos_cruz",2,0,0,0
"552","A6","gabi21t","pre_cruz",19,0,0,0
"553","A6","gabif.2","pos_cruz",3,0,1,0
"554","A6","gabif.2","pre_cruz",4,1,0,2
"555","A6","gabrielaf","pre_cruz",9,0,6,0
"556","A6","giovana","pre_cruz",1,0,0,0
"557","A6","gui","cruz",1,1,0,0
"558","A6","gui","pre_cruz",5,2,2,0
"559","A6","gui.2","cruz",2,2,0,0
"560","A6","gui.2","pos_cruz",2,2,0,0
"561","A6","gui.2","pre_cruz",5,5,0,0
"562","A6","heitor","pos_cruz",1,0,1,0
"563","A6","heitor","pre_cruz",5,4,0,0
"564","A6","heitor.2","cruz",1,1,0,0
"565","A6","heitor.2","pos_cruz",4,2,2,0
"566","A6","heitor.2","pre_cruz",7,5,0,1
"567","A6","heitorm","cruz",1,1,0,0
"568","A6","heitorm","pre_cruz",9,7,2,0
"569","A6","ingrid","pos_cruz",4,0,0,0
"570","A6","ingrid","pre_cruz",3,0,0,0
"571","A6","ingrid.2","cruz",1,0,0,1
"572","A6","ingrid.2","pos_cruz",5,1,0,0
"573","A6","ingrid.2","pre_cruz",15,5,2,1
"574","A6","isabela","cruz",1,0,1,0
"575","A6","isabela","pos_cruz",4,2,2,0
"576","A6","isabela","pre_cruz",14,4,3,5
"577","A6","isabelly","pre_cruz",3,2,0,0
"578","A6","leonardo","cruz",1,1,0,0
"579","A6","leonardo","pre_cruz",7,6,0,1
"580","A6","lis","pre_cruz",20,7,0,0
"581","A6","livia.2","cruz",1,1,0,0
"582","A6","livia.2","pos_cruz",3,2,0,0
"583","A6","livia.2","pre_cruz",4,3,0,0
"584","A6","lorena","pre_cruz",4,3,0,0
"585","A6","lucas","pre_cruz",17,0,0,1
"586","A6","lucas.2","cruz",1,0,0,0
"587","A6","lucas.2","pos_cruz",2,0,0,0
"588","A6","lucas.2","pre_cruz",10,2,1,0
"589","A6","lui","pos_cruz",4,3,1,0
"590","A6","lui","pre_cruz",8,5,0,2
"591","A6","luiso","pos_cruz",9,0,0,0
"592","A6","luiso","pre_cruz",4,0,0,0
"593","A6","manu.2","cruz",1,0,0,1
"594","A6","manu.2","pos_cruz",2,0,1,0
"595","A6","manu.2","pre_cruz",8,3,2,0
"596","A6","manuela","pre_cruz",1,0,0,0
"597","A6","manuella","cruz",1,1,0,0
"598","A6","manuella","pos_cruz",3,0,0,0
"599","A6","manuella","pre_cruz",7,2,0,0
"600","A6","marcos","pos_cruz",3,3,0,0
"601","A6","marcos","pre_cruz",5,3,0,0
"602","A6","marialu","pos_cruz",5,0,5,0
"603","A6","marialu","pre_cruz",12,7,3,0
"604","A6","maril.2","cruz",2,2,0,0
"605","A6","maril.2","pos_cruz",1,0,1,0
"606","A6","maril.2","pre_cruz",7,5,1,1
"607","A6","miguel","cruz",1,1,0,0
"608","A6","miguel","pos_cruz",3,2,1,0
"609","A6","miguel","pre_cruz",16,9,4,0
"610","A6","miguel3","pos_cruz",4,2,2,0
"611","A6","miguel3","pre_cruz",9,7,0,1
"612","A6","murilo","cruz",1,0,0,1
"613","A6","murilo","pos_cruz",5,2,2,1
"614","A6","murilo","pre_cruz",16,12,0,1
"615","A6","olivia","pre_cruz",8,5,0,1
"616","A6","paulo","pos_cruz",2,0,1,0
"617","A6","paulo","pre_cruz",9,2,5,1
"618","A6","pedro","pos_cruz",5,2,1,0
"619","A6","pedro","pre_cruz",23,11,1,0
"620","A6","pedro2","cruz",2,1,0,0
"621","A6","pedro2","pos_cruz",4,2,1,0
"622","A6","pedro2","pre_cruz",9,6,0,2
"623","A6","rafa.2","cruz",1,0,0,0
"624","A6","rafa.2","pos_cruz",3,1,1,0
"625","A6","rafa.2","pre_cruz",4,2,0,0
"626","A6","rafael","pre_cruz",12,9,0,0
"627","A6","ruben","pos_cruz",1,1,0,0
"628","A6","ruben","pre_cruz",9,9,0,0
"629","A6","sarah","cruz",1,0,0,1
"630","A6","sarah","pos_cruz",2,0,0,0
"631","A6","sarah","pre_cruz",2,1,0,0
"632","A6","sarah.2","pos_cruz",1,1,0,0
"633","A6","sarah.2","pre_cruz",4,4,0,0
"634","A6","teofinal","pos_cruz",2,2,0,0
"635","A6","teofinal","pre_cruz",6,6,0,0
"636","A6","theo","cruz",1,1,0,0
"637","A6","theo","pre_cruz",10,10,0,0
"638","A6","valen","pos_cruz",1,0,1,0
"639","A6","valen","pre_cruz",5,4,0,1
"640","A6","yara","cruz",1,0,0,0
"641","A6","yara","pos_cruz",2,0,0,0
"642","A6","yara","pre_cruz",22,0,0,0
"643","A6","yara.2","pos_cruz",2,0,2,0
"644","A6","yara.2","pre_cruz",7,4,1,1
"645","B1","adam","baseline",10,0,0,0
"646","B1","agatha","baseline",1,0,0,0
"647","B1","ana","baseline",8,8,0,0
"648","B1","andre2t","baseline",6,1,0,0
"649","B1","anelise","baseline",10,6,0,0
"650","B1","anili.2","baseline",11,7,0,0
"651","B1","anne","baseline",14,0,0,0
"652","B1","arthur","baseline",1,0,0,0
"653","B1","asafe.2","baseline",7,4,0,0
"654","B1","ayla","baseline",5,4,0,0
"655","B1","ayla.2","baseline",9,7,0,0
"656","B1","bernardo","baseline",3,1,0,0
"657","B1","cecilia","baseline",14,8,0,0
"658","B1","clari.2","baseline",15,9,0,0
"659","B1","clarice","baseline",15,6,0,0
"660","B1","diana","baseline",7,3,0,0
"661","B1","edu.2","baseline",13,6,0,0
"662","B1","emanuela","baseline",10,6,0,0
"663","B1","emanuele","baseline",9,5,0,0
"664","B1","ernesto","baseline",8,6,0,0
"665","B1","everton","baseline",16,14,0,0
"666","B1","felipe","baseline",1,0,0,0
"667","B1","fidel","baseline",14,11,0,0
"668","B1","franc","baseline",5,3,0,0
"669","B1","gabi21t","baseline",37,0,0,0
"670","B1","gabif.2","baseline",10,3,0,0
"671","B1","gabrielaf","baseline",11,0,0,0
"672","B1","gui","baseline",6,0,0,0
"673","B1","gui.2","baseline",8,6,0,0
"674","B1","heitor","baseline",5,4,0,0
"675","B1","heitor.2","baseline",9,4,0,0
"676","B1","ingrid","baseline",6,0,0,0
"677","B1","ingrid.2","baseline",13,7,0,0
"678","B1","isabela","baseline",11,8,0,0
"679","B1","isabelly","baseline",8,3,0,0
"680","B1","leonardo","baseline",6,5,0,0
"681","B1","lis","baseline",8,0,0,0
"682","B1","livia","baseline",7,2,0,0
"683","B1","livia.2","baseline",10,7,0,0
"684","B1","lorena","baseline",14,9,0,0
"685","B1","lucas","baseline",14,0,0,0
"686","B1","lucas.2","baseline",15,11,0,0
"687","B1","lui","baseline",7,5,0,0
"688","B1","luiso","baseline",9,0,0,0
"689","B1","manu.2","baseline",7,5,0,0
"690","B1","manuella","baseline",9,2,0,0
"691","B1","marcos","baseline",8,2,0,0
"692","B1","marialu","baseline",10,8,0,0
"693","B1","maril.2","baseline",16,10,0,0
"694","B1","miguel","baseline",32,18,0,0
"695","B1","miguel3","baseline",16,9,0,0
"696","B1","murilo","baseline",17,12,0,0
"697","B1","olivia","baseline",5,4,0,0
"698","B1","paulo","baseline",15,6,0,0
"699","B1","pedro","baseline",25,2,0,0
"700","B1","pedro2","baseline",17,10,0,0
"701","B1","rafa.2","baseline",7,0,0,0
"702","B1","rafael","baseline",10,6,0,0
"703","B1","ruben","baseline",3,2,0,0
"704","B1","sarah","baseline",3,2,0,0
"705","B1","sarah.2","baseline",4,2,0,0
"706","B1","teofinal","baseline",11,7,0,0
"707","B1","theo","baseline",9,8,0,0
"708","B1","valen","baseline",4,3,0,0
"709","B1","yara","baseline",13,10,0,0
"710","B1","yara.2","baseline",10,8,0,0
"711","B2","adam","pos_cruz",4,0,0,0
"712","B2","adam","pre_cruz",4,0,0,0
"713","B2","ana","pos_cruz",2,1,1,0
"714","B2","ana","pre_cruz",5,3,0,2
"715","B2","andre2t","pos_cruz",1,0,0,0
"716","B2","andre2t","pre_cruz",6,1,0,0
"717","B2","anelise","cruz",2,2,0,0
"718","B2","anelise","pos_cruz",2,1,1,0
"719","B2","anelise","pre_cruz",6,5,0,0
"720","B2","anili.2","baseline",1,1,0,0
"721","B2","anili.2","cruz",1,1,0,0
"722","B2","anili.2","pos_cruz",3,1,2,0
"723","B2","anili.2","pre_cruz",9,7,0,1
"724","B2","anne","pre_cruz",8,0,0,0
"725","B2","asafe.2","pos_cruz",3,1,0,1
"726","B2","asafe.2","pre_cruz",4,3,0,1
"727","B2","ayla","pos_cruz",2,1,1,0
"728","B2","ayla","pre_cruz",8,7,0,0
"729","B2","ayla.2","cruz",1,1,0,0
"730","B2","ayla.2","pos_cruz",1,1,0,0
"731","B2","ayla.2","pre_cruz",7,5,1,1
"732","B2","cecilia","cruz",1,0,0,1
"733","B2","cecilia","pos_cruz",4,4,0,0
"734","B2","cecilia","pre_cruz",8,5,0,0
"735","B2","clari.2","cruz",1,1,0,0
"736","B2","clari.2","pos_cruz",2,0,1,1
"737","B2","clari.2","pre_cruz",9,6,0,2
"738","B2","clarice","cruz",1,0,0,0
"739","B2","clarice","pos_cruz",3,2,1,0
"740","B2","clarice","pre_cruz",6,3,0,0
"741","B2","diana","pos_cruz",3,1,2,0
"742","B2","diana","pre_cruz",4,3,0,0
"743","B2","edu.2","pos_cruz",1,0,1,0
"744","B2","edu.2","pre_cruz",7,5,1,0
"745","B2","emanuela","pos_cruz",4,3,1,0
"746","B2","emanuela","pre_cruz",6,4,0,0
"747","B2","emanuele","pos_cruz",4,2,1,0
"748","B2","emanuele","pre_cruz",7,6,0,0
"749","B2","ernesto","pos_cruz",3,1,2,0
"750","B2","ernesto","pre_cruz",6,5,0,1
"751","B2","everton","cruz",2,2,0,0
"752","B2","everton","pos_cruz",7,3,4,0
"753","B2","everton","pre_cruz",20,17,0,2
"754","B2","felipe","pos_cruz",2,0,0,0
"755","B2","felipe","pre_cruz",4,0,0,0
"756","B2","fidel","cruz",5,5,0,0
"757","B2","fidel","pos_cruz",8,5,1,0
"758","B2","fidel","pre_cruz",12,12,0,0
"759","B2","franc","pos_cruz",3,2,1,0
"760","B2","franc","pre_cruz",5,2,2,0
"761","B2","gabi21t","pos_cruz",2,0,0,0
"762","B2","gabi21t","pre_cruz",22,0,0,0
"763","B2","gabif.2","cruz",1,1,0,0
"764","B2","gabif.2","pos_cruz",3,2,1,0
"765","B2","gabif.2","pre_cruz",4,3,0,1
"766","B2","gabrielaf","pre_cruz",6,0,2,1
"767","B2","giovana","pre_cruz",2,0,0,0
"768","B2","gui","pos_cruz",2,1,1,0
"769","B2","gui","pre_cruz",6,3,0,2
"770","B2","gui.2","cruz",1,1,0,0
"771","B2","gui.2","pos_cruz",4,1,3,0
"772","B2","gui.2","pre_cruz",6,4,1,1
"773","B2","heitor","cruz",1,1,0,0
"774","B2","heitor","pos_cruz",6,2,1,0
"775","B2","heitor","pre_cruz",5,3,0,0
"776","B2","heitor.2","pos_cruz",3,1,2,0
"777","B2","heitor.2","pre_cruz",9,6,0,1
"778","B2","ingrid","pre_cruz",3,0,0,0
"779","B2","ingrid.2","cruz",1,1,0,0
"780","B2","ingrid.2","pos_cruz",2,0,1,0
"781","B2","ingrid.2","pre_cruz",7,6,0,0
"782","B2","isabela","pos_cruz",2,1,1,0
"783","B2","isabela","pre_cruz",4,4,0,0
"784","B2","isabelly","pos_cruz",2,1,0,0
"785","B2","isabelly","pre_cruz",5,3,0,0
"786","B2","joaop","cruz",2,2,0,0
"787","B2","joaop","pos_cruz",2,0,2,0
"788","B2","joaop","pre_cruz",4,4,0,0
"789","B2","leonardo","pos_cruz",4,2,1,0
"790","B2","leonardo","pre_cruz",4,3,1,0
"791","B2","lis","pos_cruz",4,0,0,0
"792","B2","lis","pre_cruz",6,0,0,0
"793","B2","livia.2","cruz",1,1,0,0
"794","B2","livia.2","pos_cruz",2,2,0,0
"795","B2","livia.2","pre_cruz",7,7,0,0
"796","B2","lorena","pre_cruz",8,8,0,0
"797","B2","lucas","cruz",1,0,0,0
"798","B2","lucas","pos_cruz",7,0,2,0
"799","B2","lucas","pre_cruz",17,0,1,0
"800","B2","lucas.2","pos_cruz",2,0,1,0
"801","B2","lucas.2","pre_cruz",5,1,0,0
"802","B2","lui","cruz",2,2,0,0
"803","B2","lui","pos_cruz",3,2,1,0
"804","B2","lui","pre_cruz",9,5,2,1
"805","B2","luiso","cruz",1,0,0,0
"806","B2","luiso","pos_cruz",4,0,0,0
"807","B2","luiso","pre_cruz",10,0,0,0
"808","B2","manu.2","pos_cruz",3,2,1,0
"809","B2","manu.2","pre_cruz",6,6,0,0
"810","B2","manuella","pre_cruz",9,1,0,0
"811","B2","marialu","pre_cruz",5,3,0,2
"812","B2","maril.2","cruz",1,1,0,0
"813","B2","maril.2","pos_cruz",2,1,1,0
"814","B2","maril.2","pre_cruz",8,4,0,2
"815","B2","miguel","pre_cruz",13,10,2,0
"816","B2","miguel3","cruz",1,1,0,0
"817","B2","miguel3","pos_cruz",4,2,2,0
"818","B2","miguel3","pre_cruz",7,5,0,1
"819","B2","murilo","pre_cruz",8,8,0,0
"820","B2","olivia","cruz",1,1,0,0
"821","B2","olivia","pos_cruz",3,2,1,0
"822","B2","olivia","pre_cruz",7,5,1,0
"823","B2","paulo","cruz",1,0,0,0
"824","B2","paulo","pos_cruz",5,2,2,0
"825","B2","paulo","pre_cruz",13,5,2,2
"826","B2","pedro","pos_cruz",2,0,0,1
"827","B2","pedro","pre_cruz",4,0,0,0
"828","B2","pedro2","pos_cruz",3,1,2,0
"829","B2","pedro2","pre_cruz",7,5,0,0
"830","B2","rafa.2","pos_cruz",2,1,1,0
"831","B2","rafa.2","pre_cruz",7,1,3,0
"832","B2","rafael","cruz",2,2,0,0
"833","B2","rafael","pos_cruz",1,1,0,0
"834","B2","rafael","pre_cruz",9,8,0,0
"835","B2","ruben","pos_cruz",4,2,2,0
"836","B2","ruben","pre_cruz",3,3,0,0
"837","B2","sarah.2","pos_cruz",2,1,1,0
"838","B2","sarah.2","pre_cruz",3,3,0,0
"839","B2","teofinal","cruz",1,1,0,0
"840","B2","teofinal","pos_cruz",1,1,0,0
"841","B2","teofinal","pre_cruz",8,4,1,0
"842","B2","theo","cruz",1,1,0,0
"843","B2","theo","pos_cruz",3,3,0,0
"844","B2","theo","pre_cruz",4,3,0,1
"845","B2","valen","pos_cruz",2,1,1,0
"846","B2","valen","pre_cruz",2,2,0,0
"847","B2","yara","pos_cruz",6,3,3,0
"848","B2","yara","pre_cruz",10,8,0,2
"849","B2","yara.2","cruz",1,0,0,1
"850","B2","yara.2","pos_cruz",5,3,2,0
"851","B2","yara.2","pre_cruz",9,7,1,1
"852","B5","adam","pos_cruz",4,0,0,0
"853","B5","adam","pre_cruz",3,0,0,0
"854","B5","ana","cruz",2,2,0,0
"855","B5","ana","pos_cruz",3,2,1,0
"856","B5","ana","pre_cruz",6,5,1,0
"857","B5","andre2t","pre_cruz",3,1,0,0
"858","B5","anelise","cruz",1,1,0,0
"859","B5","anelise","pos_cruz",3,0,3,0
"860","B5","anelise","pre_cruz",8,8,0,0
"861","B5","anili.2","pos_cruz",5,2,3,0
"862","B5","anili.2","pre_cruz",4,4,0,0
"863","B5","anne","pre_cruz",6,0,0,0
"864","B5","asafe.2","cruz",1,1,0,0
"865","B5","asafe.2","pos_cruz",3,0,2,0
"866","B5","asafe.2","pre_cruz",6,4,2,0
"867","B5","ayla","pos_cruz",3,2,1,0
"868","B5","ayla","pre_cruz",7,4,2,0
"869","B5","ayla.2","pos_cruz",5,4,1,0
"870","B5","ayla.2","pre_cruz",5,4,1,0
"871","B5","bernardo","pre_cruz",9,6,2,0
"872","B5","cecilia","pos_cruz",5,2,3,0
"873","B5","cecilia","pre_cruz",7,5,2,0
"874","B5","clari.2","cruz",1,1,0,0
"875","B5","clari.2","pos_cruz",3,2,1,0
"876","B5","clari.2","pre_cruz",9,5,1,2
"877","B5","clarice","cruz",2,2,0,0
"878","B5","clarice","pos_cruz",5,4,1,0
"879","B5","clarice","pre_cruz",6,4,0,1
"880","B5","diana","cruz",2,2,0,0
"881","B5","diana","pos_cruz",2,0,2,0
"882","B5","diana","pre_cruz",9,4,3,1
"883","B5","edu.2","pos_cruz",4,1,2,0
"884","B5","edu.2","pre_cruz",5,4,1,0
"885","B5","emanuela","pos_cruz",4,2,2,0
"886","B5","emanuela","pre_cruz",5,4,0,0
"887","B5","emanuele","pos_cruz",5,2,3,0
"888","B5","emanuele","pre_cruz",5,4,0,0
"889","B5","ernesto","cruz",1,1,0,0
"890","B5","ernesto","pos_cruz",2,0,2,0
"891","B5","ernesto","pre_cruz",4,2,1,0
"892","B5","everton","pos_cruz",11,8,3,0
"893","B5","everton","pre_cruz",11,9,1,1
"894","B5","felipe","pos_cruz",3,0,0,0
"895","B5","felipe","pre_cruz",4,0,0,0
"896","B5","fidel","pos_cruz",6,1,5,0
"897","B5","fidel","pre_cruz",6,6,0,0
"898","B5","franc","cruz",1,1,0,0
"899","B5","franc","pos_cruz",2,2,0,0
"900","B5","franc","pre_cruz",1,0,1,0
"901","B5","gabi21t","cruz",3,0,0,0
"902","B5","gabi21t","pos_cruz",11,0,0,0
"903","B5","gabi21t","pre_cruz",18,0,4,1
"904","B5","gabif.2","pos_cruz",5,2,1,2
"905","B5","gabif.2","pre_cruz",7,4,2,0
"906","B5","gabrielaf","pre_cruz",6,0,3,0
"907","B5","gui","pos_cruz",4,2,1,0
"908","B5","gui","pre_cruz",7,4,0,1
"909","B5","gui.2","pos_cruz",2,0,2,0
"910","B5","gui.2","pre_cruz",6,4,1,0
"911","B5","heitor","pos_cruz",5,4,1,0
"912","B5","heitor","pre_cruz",4,4,0,0
"913","B5","heitor.2","cruz",1,1,0,0
"914","B5","heitor.2","pos_cruz",5,2,3,0
"915","B5","heitor.2","pre_cruz",10,5,3,0
"916","B5","heitorm","cruz",3,1,2,0
"917","B5","heitorm","pos_cruz",3,0,3,0
"918","B5","heitorm","pre_cruz",7,4,3,0
"919","B5","ingrid","pos_cruz",7,0,0,0
"920","B5","ingrid","pre_cruz",4,0,0,0
"921","B5","ingrid.2","pos_cruz",2,2,0,0
"922","B5","ingrid.2","pre_cruz",5,3,0,0
"923","B5","isabela","pos_cruz",4,1,3,0
"924","B5","isabela","pre_cruz",7,5,0,1
"925","B5","isabelly","pos_cruz",3,3,0,0
"926","B5","isabelly","pre_cruz",4,3,0,0
"927","B5","joaop","pos_cruz",1,1,0,0
"928","B5","joaop","pre_cruz",11,8,1,0
"929","B5","leonardo","pos_cruz",3,1,2,0
"930","B5","leonardo","pre_cruz",3,3,0,0
"931","B5","lis","pos_cruz",3,0,0,0
"932","B5","lis","pre_cruz",8,0,0,0
"933","B5","livia.2","cruz",1,1,0,0
"934","B5","livia.2","pos_cruz",2,1,1,0
"935","B5","livia.2","pre_cruz",5,5,0,0
"936","B5","lorena","pre_cruz",4,4,0,0
"937","B5","lucas","cruz",1,0,0,0
"938","B5","lucas","pos_cruz",6,0,0,0
"939","B5","lucas","pre_cruz",16,0,0,0
"940","B5","lucas.2","pos_cruz",6,0,0,3
"941","B5","lucas.2","pre_cruz",6,0,2,0
"942","B5","lui","pos_cruz",3,1,2,0
"943","B5","lui","pre_cruz",6,4,1,0
"944","B5","luiso","cruz",1,0,0,0
"945","B5","luiso","pos_cruz",4,0,0,0
"946","B5","luiso","pre_cruz",10,0,0,0
"947","B5","manu.2","cruz",1,1,0,0
"948","B5","manu.2","pos_cruz",4,2,2,0
"949","B5","manu.2","pre_cruz",4,4,0,0
"950","B5","manuela","pre_cruz",1,0,0,0
"951","B5","manuella","pre_cruz",10,2,0,0
"952","B5","marcos","pos_cruz",1,0,0,0
"953","B5","marcos","pre_cruz",3,3,0,0
"954","B5","maril.2","cruz",1,1,0,0
"955","B5","maril.2","pos_cruz",3,1,1,0
"956","B5","maril.2","pre_cruz",4,4,0,0
"957","B5","miguel","pos_cruz",7,4,3,0
"958","B5","miguel","pre_cruz",12,6,4,0
"959","B5","miguel3","cruz",1,1,0,0
"960","B5","miguel3","pos_cruz",3,1,1,0
"961","B5","miguel3","pre_cruz",6,5,0,0
"962","B5","murilo","pos_cruz",6,4,2,0
"963","B5","murilo","pre_cruz",7,7,0,0
"964","B5","olivia","pos_cruz",1,0,1,0
"965","B5","olivia","pre_cruz",5,4,0,0
"966","B5","paulo","cruz",1,0,1,0
"967","B5","paulo","pos_cruz",5,2,0,0
"968","B5","paulo","pre_cruz",10,4,2,1
"969","B5","pedro","pos_cruz",2,0,1,0
"970","B5","pedro","pre_cruz",4,0,1,0
"971","B5","pedro2","cruz",1,0,0,0
"972","B5","pedro2","pos_cruz",5,4,1,0
"973","B5","pedro2","pre_cruz",6,4,0,0
"974","B5","rafa.2","pos_cruz",4,0,1,1
"975","B5","rafa.2","pre_cruz",8,0,3,1
"976","B5","rafael","pos_cruz",1,0,1,0
"977","B5","rafael","pre_cruz",2,2,0,0
"978","B5","ruben","cruz",1,1,0,0
"979","B5","ruben","pos_cruz",2,1,1,0
"980","B5","ruben","pre_cruz",7,4,1,1
"981","B5","sarah.2","pos_cruz",3,2,1,0
"982","B5","sarah.2","pre_cruz",2,1,0,1
"983","B5","teofinal","cruz",1,1,0,0
"984","B5","teofinal","pos_cruz",2,1,1,0
"985","B5","teofinal","pre_cruz",7,4,0,0
"986","B5","theo","cruz",1,1,0,0
"987","B5","theo","pos_cruz",3,3,0,0
"988","B5","theo","pre_cruz",8,7,0,0
"989","B5","valen","cruz",1,1,0,0
"990","B5","valen","pos_cruz",2,1,1,0
"991","B5","valen","pre_cruz",2,2,0,0
"992","B5","yara","cruz",1,1,0,0
"993","B5","yara","pos_cruz",4,1,1,0
"994","B5","yara","pre_cruz",6,5,1,0
"995","B5","yara.2","pos_cruz",3,1,2,0
"996","B5","yara.2","pre_cruz",6,5,1,0
"997","B6","adam","pos_cruz",1,0,0,0
"998","B6","adam","pre_cruz",8,0,0,0
"999","B6","ana","cruz",1,1,0,0
"1000","B6","ana","pos_cruz",4,4,0,0
"1001","B6","ana","pre_cruz",8,7,1,0
"1002","B6","andre2t","cruz",1,0,0,0
"1003","B6","andre2t","pre_cruz",3,0,0,0
"1004","B6","anelise","pos_cruz",2,2,0,0
"1005","B6","anelise","pre_cruz",8,5,0,0
"1006","B6","anili.2","pos_cruz",4,3,0,0
"1007","B6","anili.2","pre_cruz",9,7,0,2
"1008","B6","anne","pre_cruz",6,0,3,0
"1009","B6","asafe.2","pos_cruz",2,2,0,0
"1010","B6","asafe.2","pre_cruz",6,5,1,0
"1011","B6","ayla","cruz",1,1,0,0
"1012","B6","ayla","pos_cruz",1,1,0,0
"1013","B6","ayla","pre_cruz",4,3,0,0
"1014","B6","ayla.2","pos_cruz",2,2,0,0
"1015","B6","ayla.2","pre_cruz",5,4,1,0
"1016","B6","bernardo","cruz",1,1,0,0
"1017","B6","bernardo","pos_cruz",5,5,0,0
"1018","B6","bernardo","pre_cruz",15,9,0,3
"1019","B6","cecilia","pos_cruz",3,3,0,0
"1020","B6","cecilia","pre_cruz",5,5,0,0
"1021","B6","clari.2","cruz",1,1,0,0
"1022","B6","clari.2","pos_cruz",2,2,0,0
"1023","B6","clari.2","pre_cruz",9,5,3,1
"1024","B6","clarice","pos_cruz",1,0,0,0
"1025","B6","clarice","pre_cruz",9,5,2,0
"1026","B6","diana","cruz",1,1,0,0
"1027","B6","diana","pos_cruz",2,2,0,0
"1028","B6","diana","pre_cruz",6,4,2,0
"1029","B6","edu.2","cruz",1,1,0,0
"1030","B6","edu.2","pos_cruz",2,2,0,0
"1031","B6","edu.2","pre_cruz",8,6,1,0
"1032","B6","emanuela","cruz",1,1,0,0
"1033","B6","emanuela","pos_cruz",1,1,0,0
"1034","B6","emanuela","pre_cruz",6,5,0,0
"1035","B6","emanuele","pos_cruz",3,2,1,0
"1036","B6","emanuele","pre_cruz",6,5,0,0
"1037","B6","ernesto","pos_cruz",3,3,0,0
"1038","B6","ernesto","pre_cruz",10,6,4,0
"1039","B6","everton","cruz",1,1,0,0
"1040","B6","everton","pos_cruz",5,5,0,0
"1041","B6","everton","pre_cruz",15,14,0,0
"1042","B6","felipe","pos_cruz",1,0,0,0
"1043","B6","felipe","pre_cruz",3,0,0,0
"1044","B6","fidel","pos_cruz",3,3,0,0
"1045","B6","fidel","pre_cruz",19,18,0,0
"1046","B6","franc","cruz",1,1,0,0
"1047","B6","franc","pos_cruz",4,3,1,0
"1048","B6","franc","pre_cruz",7,4,0,2
"1049","B6","gabi21t","cruz",1,0,0,0
"1050","B6","gabi21t","pos_cruz",5,1,0,0
"1051","B6","gabi21t","pre_cruz",25,0,0,0
"1052","B6","gabif.2","pos_cruz",1,1,0,0
"1053","B6","gabif.2","pre_cruz",6,4,1,0
"1054","B6","gabrielaf","pre_cruz",8,2,5,0
"1055","B6","giovana","pre_cruz",2,0,0,0
"1056","B6","gui","cruz",1,1,0,0
"1057","B6","gui","pre_cruz",7,5,2,0
"1058","B6","gui.2","pos_cruz",1,1,0,0
"1059","B6","gui.2","pre_cruz",6,6,0,0
"1060","B6","heitor","pos_cruz",3,3,0,0
"1061","B6","heitor","pre_cruz",7,6,1,0
"1062","B6","heitor.2","cruz",1,1,0,0
"1063","B6","heitor.2","pos_cruz",2,2,0,0
"1064","B6","heitor.2","pre_cruz",7,4,0,0
"1065","B6","heitorm","pos_cruz",3,3,0,0
"1066","B6","heitorm","pre_cruz",4,4,0,0
"1067","B6","ingrid","pos_cruz",1,0,0,0
"1068","B6","ingrid","pre_cruz",3,0,0,0
"1069","B6","ingrid.2","pos_cruz",1,1,0,0
"1070","B6","ingrid.2","pre_cruz",6,3,0,0
"1071","B6","isabela","pos_cruz",1,1,0,0
"1072","B6","isabela","pre_cruz",8,7,1,0
"1073","B6","isabelly","pos_cruz",1,1,0,0
"1074","B6","isabelly","pre_cruz",3,2,0,0
"1075","B6","joaop","cruz",1,1,0,0
"1076","B6","joaop","pos_cruz",1,1,0,0
"1077","B6","joaop","pre_cruz",7,5,1,0
"1078","B6","joaquim","pre_cruz",2,2,0,0
"1079","B6","leonardo","pre_cruz",7,6,1,0
"1080","B6","lis","pos_cruz",3,0,0,0
"1081","B6","lis","pre_cruz",10,1,0,0
"1082","B6","livia.2","cruz",1,1,0,0
"1083","B6","livia.2","pos_cruz",2,2,0,0
"1084","B6","livia.2","pre_cruz",7,6,0,0
"1085","B6","lorena","pre_cruz",21,21,0,0
"1086","B6","lucas","pos_cruz",3,0,0,0
"1087","B6","lucas","pre_cruz",17,0,0,0
"1088","B6","lucas.2","cruz",3,0,0,0
"1089","B6","lucas.2","pos_cruz",4,0,0,0
"1090","B6","lucas.2","pre_cruz",6,1,1,0
"1091","B6","lui","pre_cruz",6,4,0,0
"1092","B6","luiso","pos_cruz",1,0,0,0
"1093","B6","luiso","pre_cruz",14,0,1,3
"1094","B6","manu.2","pos_cruz",2,2,0,0
"1095","B6","manu.2","pre_cruz",8,6,0,2
"1096","B6","manuela","pre_cruz",2,1,0,0
"1097","B6","marcos","cruz",2,2,0,0
"1098","B6","marcos","pos_cruz",3,3,0,0
"1099","B6","marcos","pre_cruz",6,6,0,0
"1100","B6","maril.2","cruz",3,3,0,0
"1101","B6","maril.2","pos_cruz",7,7,0,0
"1102","B6","maril.2","pre_cruz",12,10,1,0
"1103","B6","miguel","cruz",2,1,0,0
"1104","B6","miguel","pos_cruz",5,1,0,0
"1105","B6","miguel","pre_cruz",10,6,0,0
"1106","B6","miguel3","pre_cruz",8,7,0,0
"1107","B6","murilo","cruz",2,2,0,0
"1108","B6","murilo","pos_cruz",6,6,0,0
"1109","B6","murilo","pre_cruz",14,13,0,0
"1110","B6","olivia","pos_cruz",1,1,0,0
"1111","B6","olivia","pre_cruz",11,8,0,0
"1112","B6","paulo","cruz",1,0,1,0
"1113","B6","paulo","pos_cruz",6,2,2,0
"1114","B6","paulo","pre_cruz",10,4,4,0
"1115","B6","pedro","pre_cruz",11,2,2,0
"1116","B6","pedro2","cruz",1,1,0,0
"1117","B6","pedro2","pos_cruz",3,2,0,0
"1118","B6","pedro2","pre_cruz",10,7,0,0
"1119","B6","rafa.2","pre_cruz",6,1,3,1
"1120","B6","rafael","pos_cruz",1,1,0,0
"1121","B6","rafael","pre_cruz",10,6,1,0
"1122","B6","ruben","pos_cruz",1,1,0,0
"1123","B6","ruben","pre_cruz",4,3,1,0
"1124","B6","sarah.2","pre_cruz",3,2,1,0
"1125","B6","teofinal","pos_cruz",2,2,0,0
"1126","B6","teofinal","pre_cruz",8,5,1,0
"1127","B6","theo","pos_cruz",3,3,0,0
"1128","B6","theo","pre_cruz",5,4,1,0
"1129","B6","valen","pos_cruz",1,1,0,0
"1130","B6","valen","pre_cruz",5,4,1,0
"1131","B6","yara","cruz",1,1,0,0
"1132","B6","yara","pos_cruz",2,2,0,0
"1133","B6","yara","pre_cruz",13,12,1,0
"1134","B6","yara.2","pos_cruz",1,1,0,0
"1135","B6","yara.2","pre_cruz",7,6,1,0
"1136","B7","adam","pos_cruz",5,0,0,0
"1137","B7","adam","pre_cruz",4,0,0,0
"1138","B7","ana","pos_cruz",2,2,0,0
"1139","B7","ana","pre_cruz",6,4,0,1
"1140","B7","andre2t","cruz",1,0,0,0
"1141","B7","andre2t","pos_cruz",2,0,0,0
"1142","B7","andre2t","pre_cruz",6,0,0,0
"1143","B7","anelise","cruz",1,1,0,0
"1144","B7","anelise","pos_cruz",2,2,0,0
"1145","B7","anelise","pre_cruz",7,6,1,0
"1146","B7","anili.2","cruz",1,1,0,0
"1147","B7","anili.2","pos_cruz",3,1,2,0
"1148","B7","anili.2","pre_cruz",7,4,2,1
"1149","B7","anne","pos_cruz",3,0,0,0
"1150","B7","anne","pre_cruz",3,0,0,1
"1151","B7","asafe.2","pos_cruz",3,3,0,0
"1152","B7","asafe.2","pre_cruz",5,4,1,0
"1153","B7","ayla","pos_cruz",1,1,0,0
"1154","B7","ayla","pre_cruz",5,5,0,0
"1155","B7","ayla.2","pos_cruz",2,2,0,0
"1156","B7","ayla.2","pre_cruz",7,7,2,0
"1157","B7","bernardo","cruz",1,0,0,1
"1158","B7","bernardo","pos_cruz",4,4,0,0
"1159","B7","bernardo","pre_cruz",14,6,0,8
"1160","B7","cecilia","pos_cruz",2,2,0,0
"1161","B7","cecilia","pre_cruz",4,4,0,0
"1162","B7","clari.2","pos_cruz",1,1,0,0
"1163","B7","clari.2","pre_cruz",8,6,3,0
"1164","B7","clarice","pos_cruz",4,2,0,1
"1165","B7","clarice","pre_cruz",7,2,1,1
"1166","B7","diana","cruz",2,2,0,0
"1167","B7","diana","pos_cruz",6,4,1,0
"1168","B7","diana","pre_cruz",8,3,3,0
"1169","B7","edu.2","cruz",2,1,0,1
"1170","B7","edu.2","pos_cruz",3,3,0,0
"1171","B7","edu.2","pre_cruz",7,6,1,0
"1172","B7","emanuela","pos_cruz",2,2,0,0
"1173","B7","emanuela","pre_cruz",5,3,0,1
"1174","B7","emanuele","pos_cruz",2,2,0,0
"1175","B7","emanuele","pre_cruz",5,4,1,0
"1176","B7","ernesto","pos_cruz",3,3,0,0
"1177","B7","ernesto","pre_cruz",4,3,0,1
"1178","B7","everton","pos_cruz",8,7,0,0
"1179","B7","everton","pre_cruz",14,13,0,0
"1180","B7","felipe","cruz",1,0,0,0
"1181","B7","felipe","pos_cruz",1,0,0,0
"1182","B7","felipe","pre_cruz",6,0,0,0
"1183","B7","fidel","cruz",1,1,0,0
"1184","B7","fidel","pos_cruz",7,4,3,0
"1185","B7","fidel","pre_cruz",16,14,3,0
"1186","B7","franc","pos_cruz",3,2,1,0
"1187","B7","franc","pre_cruz",6,2,2,0
"1188","B7","gabi21t","cruz",3,0,0,0
"1189","B7","gabi21t","pos_cruz",3,0,0,0
"1190","B7","gabi21t","pre_cruz",21,0,2,0
"1191","B7","gabif.2","cruz",1,1,0,0
"1192","B7","gabif.2","pos_cruz",3,2,1,0
"1193","B7","gabif.2","pre_cruz",6,4,2,1
"1194","B7","gabrielaf","pre_cruz",5,0,4,0
"1195","B7","giovana","pre_cruz",1,0,0,0
"1196","B7","gui","cruz",1,1,0,0
"1197","B7","gui","pos_cruz",3,1,2,0
"1198","B7","gui","pre_cruz",6,4,1,0
"1199","B7","gui.2","pos_cruz",1,1,0,0
"1200","B7","gui.2","pre_cruz",2,2,1,0
"1201","B7","heitor","cruz",2,2,0,0
"1202","B7","heitor","pos_cruz",1,1,0,0
"1203","B7","heitor","pre_cruz",6,5,0,1
"1204","B7","heitor.2","pos_cruz",4,4,0,0
"1205","B7","heitor.2","pre_cruz",6,4,0,0
"1206","B7","heitorm","cruz",1,1,0,0
"1207","B7","heitorm","pos_cruz",1,1,0,0
"1208","B7","heitorm","pre_cruz",7,6,0,1
"1209","B7","ingrid","pos_cruz",3,0,0,0
"1210","B7","ingrid","pre_cruz",3,0,0,0
"1211","B7","ingrid.2","pos_cruz",2,2,0,0
"1212","B7","ingrid.2","pre_cruz",7,5,0,0
"1213","B7","isabela","cruz",1,1,0,0
"1214","B7","isabela","pos_cruz",2,2,0,0
"1215","B7","isabela","pre_cruz",6,6,1,0
"1216","B7","isabelly","cruz",1,1,0,0
"1217","B7","isabelly","pos_cruz",2,0,0,0
"1218","B7","isabelly","pre_cruz",7,1,0,0
"1219","B7","joaop","pre_cruz",5,4,0,0
"1220","B7","leonardo","cruz",1,0,0,1
"1221","B7","leonardo","pos_cruz",3,3,0,0
"1222","B7","leonardo","pre_cruz",8,5,2,1
"1223","B7","lis","pos_cruz",2,0,0,0
"1224","B7","lis","pre_cruz",8,2,0,0
"1225","B7","livia.2","pre_cruz",9,8,0,0
"1226","B7","lorena","pos_cruz",7,5,2,0
"1227","B7","lorena","pre_cruz",9,8,0,1
"1228","B7","lucas","pos_cruz",9,0,6,0
"1229","B7","lucas","pre_cruz",15,0,0,0
"1230","B7","lucas.2","pos_cruz",4,0,0,0
"1231","B7","lucas.2","pre_cruz",9,4,7,0
"1232","B7","lui","cruz",2,2,0,0
"1233","B7","lui","pos_cruz",1,1,0,0
"1234","B7","lui","pre_cruz",4,3,0,0
"1235","B7","luiso","pre_cruz",10,0,0,0
"1236","B7","manu.2","cruz",1,0,0,1
"1237","B7","manu.2","pos_cruz",3,3,0,0
"1238","B7","manu.2","pre_cruz",4,4,0,0
"1239","B7","manuela","pre_cruz",2,1,0,0
"1240","B7","marcos","cruz",2,2,0,0
"1241","B7","marcos","pre_cruz",10,7,0,0
"1242","B7","marialu","pos_cruz",4,2,1,1
"1243","B7","marialu","pre_cruz",6,4,2,0
"1244","B7","maril.2","pos_cruz",1,1,0,0
"1245","B7","maril.2","pre_cruz",6,6,0,0
"1246","B7","miguel","cruz",1,0,1,0
"1247","B7","miguel","pos_cruz",5,4,1,1
"1248","B7","miguel","pre_cruz",14,5,1,2
"1249","B7","miguel3","pos_cruz",3,3,0,0
"1250","B7","miguel3","pre_cruz",11,7,1,2
"1251","B7","murilo","pos_cruz",3,3,0,0
"1252","B7","murilo","pre_cruz",17,17,0,0
"1253","B7","olivia","pos_cruz",2,2,0,0
"1254","B7","olivia","pre_cruz",6,3,1,0
"1255","B7","paulo","cruz",1,0,0,0
"1256","B7","paulo","pos_cruz",6,3,1,0
"1257","B7","paulo","pre_cruz",12,6,2,1
"1258","B7","pedro","cruz",1,1,0,0
"1259","B7","pedro","pos_cruz",4,1,0,0
"1260","B7","pedro","pre_cruz",12,7,1,2
"1261","B7","pedro2","cruz",1,0,1,0
"1262","B7","pedro2","pos_cruz",2,2,0,0
"1263","B7","pedro2","pre_cruz",10,6,0,2
"1264","B7","rafa.2","pre_cruz",2,2,1,0
"1265","B7","rafael","cruz",3,3,0,0
"1266","B7","rafael","pos_cruz",1,1,0,0
"1267","B7","rafael","pre_cruz",10,9,0,0
"1268","B7","ruben","pre_cruz",8,6,2,0
"1269","B7","sarah","pos_cruz",1,0,1,0
"1270","B7","sarah","pre_cruz",2,1,2,0
"1271","B7","sarah.2","pos_cruz",1,1,0,0
"1272","B7","sarah.2","pre_cruz",4,4,0,0
"1273","B7","teofinal","pre_cruz",6,4,0,0
"1274","B7","theo","cruz",1,1,0,0
"1275","B7","theo","pos_cruz",2,2,0,0
"1276","B7","theo","pre_cruz",7,7,1,1
"1277","B7","valen","cruz",1,1,0,0
"1278","B7","valen","pos_cruz",1,1,0,0
"1279","B7","valen","pre_cruz",5,5,0,0
"1280","B7","yara","pos_cruz",2,2,0,0
"1281","B7","yara","pre_cruz",6,6,0,0
"1282","B7","yara.2","pos_cruz",2,2,0,0
"1283","B7","yara.2","pre_cruz",7,6,0,0
"1284","D1","adam","cruz",1,0,0,0
"1285","D1","adam","pos_cruz",5,0,0,0
"1286","D1","adam","pre_cruz",3,0,0,0
"1287","D1","ana","cruz",1,1,0,0
"1288","D1","ana","pre_cruz",3,3,0,0
"1289","D1","andre2t","cruz",1,0,0,0
"1290","D1","andre2t","pos_cruz",4,1,0,0
"1291","D1","andre2t","pre_cruz",5,2,0,0
"1292","D1","anelise","cruz",1,1,0,0
"1293","D1","anelise","pos_cruz",2,2,0,0
"1294","D1","anelise","pre_cruz",6,3,0,0
"1295","D1","anili.2","cruz",4,2,0,0
"1296","D1","anili.2","pos_cruz",4,4,0,0
"1297","D1","anili.2","pre_cruz",6,6,0,0
"1298","D1","anne","cruz",1,0,0,0
"1299","D1","anne","pos_cruz",6,0,0,0
"1300","D1","anne","pre_cruz",27,0,1,0
"1301","D1","arthur","pre_cruz",2,0,0,0
"1302","D1","asafe.2","pos_cruz",1,1,0,0
"1303","D1","asafe.2","pre_cruz",9,8,1,0
"1304","D1","ayla","pos_cruz",1,1,0,0
"1305","D1","ayla","pre_cruz",2,1,0,0
"1306","D1","ayla.2","cruz",1,1,0,0
"1307","D1","ayla.2","pre_cruz",7,7,0,0
"1308","D1","cecilia","pos_cruz",2,1,0,0
"1309","D1","cecilia","pre_cruz",7,5,0,0
"1310","D1","clari.2","cruz",1,0,0,1
"1311","D1","clari.2","pos_cruz",3,3,0,0
"1312","D1","clari.2","pre_cruz",7,5,1,0
"1313","D1","clarice","cruz",1,1,0,0
"1314","D1","clarice","pos_cruz",3,3,0,0
"1315","D1","clarice","pre_cruz",7,4,0,0
"1316","D1","diana","cruz",1,0,1,0
"1317","D1","diana","pos_cruz",7,5,1,0
"1318","D1","diana","pre_cruz",5,3,0,0
"1319","D1","edu.2","pos_cruz",2,2,0,0
"1320","D1","edu.2","pre_cruz",4,1,0,0
"1321","D1","emanuela","pos_cruz",3,2,1,0
"1322","D1","emanuela","pre_cruz",7,5,2,0
"1323","D1","emanuele","cruz",1,1,0,0
"1324","D1","emanuele","pos_cruz",2,2,0,0
"1325","D1","emanuele","pre_cruz",5,4,0,0
"1326","D1","ernesto","pre_cruz",3,3,0,0
"1327","D1","everton","pos_cruz",4,2,2,0
"1328","D1","everton","pre_cruz",11,11,0,0
"1329","D1","felipe","pos_cruz",1,0,0,0
"1330","D1","felipe","pre_cruz",6,0,0,0
"1331","D1","fidel","pos_cruz",4,0,0,0
"1332","D1","fidel","pre_cruz",9,6,3,0
"1333","D1","franc","pos_cruz",1,1,0,0
"1334","D1","franc","pre_cruz",4,2,0,0
"1335","D1","gabi21t","cruz",4,0,0,0
"1336","D1","gabi21t","pos_cruz",4,0,0,0
"1337","D1","gabi21t","pre_cruz",39,0,0,0
"1338","D1","gabif.2","pos_cruz",3,2,0,0
"1339","D1","gabif.2","pre_cruz",4,1,1,0
"1340","D1","gabrielaf","pre_cruz",7,2,0,0
"1341","D1","gui","cruz",1,1,0,0
"1342","D1","gui","pos_cruz",2,2,0,0
"1343","D1","gui","pre_cruz",8,4,0,0
"1344","D1","gui.2","cruz",1,1,0,0
"1345","D1","gui.2","pre_cruz",5,5,0,0
"1346","D1","heitor","pos_cruz",1,1,0,0
"1347","D1","heitor","pre_cruz",3,2,1,0
"1348","D1","heitor.2","pos_cruz",1,0,1,0
"1349","D1","heitor.2","pre_cruz",8,6,0,0
"1350","D1","heitorm","cruz",1,1,0,0
"1351","D1","heitorm","pos_cruz",1,0,0,0
"1352","D1","heitorm","pre_cruz",6,6,0,0
"1353","D1","ingrid","pos_cruz",22,0,0,0
"1354","D1","ingrid","pre_cruz",10,0,0,0
"1355","D1","ingrid.2","cruz",1,1,0,0
"1356","D1","ingrid.2","pos_cruz",1,1,0,0
"1357","D1","ingrid.2","pre_cruz",6,6,0,0
"1358","D1","isabela","pos_cruz",2,2,0,0
"1359","D1","isabela","pre_cruz",3,2,0,0
"1360","D1","isabelly","pre_cruz",6,2,0,0
"1361","D1","joaop","pre_cruz",12,5,0,0
"1362","D1","leonardo","pos_cruz",1,1,0,0
"1363","D1","leonardo","pre_cruz",7,4,1,1
"1364","D1","lis","cruz",1,0,0,0
"1365","D1","lis","pos_cruz",1,0,0,0
"1366","D1","lis","pre_cruz",6,0,0,0
"1367","D1","livia","pre_cruz",4,2,0,0
"1368","D1","livia.2","pos_cruz",1,1,0,0
"1369","D1","livia.2","pre_cruz",6,6,0,0
"1370","D1","lorena","cruz",2,1,0,0
"1371","D1","lorena","pos_cruz",3,1,2,0
"1372","D1","lorena","pre_cruz",16,13,2,0
"1373","D1","lucas","cruz",1,0,0,0
"1374","D1","lucas","pos_cruz",2,0,0,0
"1375","D1","lucas","pre_cruz",7,0,0,0
"1376","D1","lucas.2","pos_cruz",7,7,0,0
"1377","D1","lucas.2","pre_cruz",5,5,0,0
"1378","D1","lui","cruz",1,0,1,0
"1379","D1","lui","pos_cruz",4,2,2,0
"1380","D1","lui","pre_cruz",4,3,0,0
"1381","D1","luiso","pre_cruz",4,0,0,0
"1382","D1","manu.2","pos_cruz",3,2,1,0
"1383","D1","manu.2","pre_cruz",4,4,0,0
"1384","D1","manuela","pre_cruz",2,0,0,0
"1385","D1","manuella","cruz",1,0,0,0
"1386","D1","manuella","pos_cruz",4,0,0,0
"1387","D1","manuella","pre_cruz",14,0,0,0
"1388","D1","marcos","cruz",2,2,0,0
"1389","D1","marcos","pos_cruz",3,3,0,0
"1390","D1","marcos","pre_cruz",12,9,0,0
"1391","D1","marialu","pos_cruz",2,1,0,0
"1392","D1","marialu","pre_cruz",9,6,1,0
"1393","D1","maril.2","pos_cruz",2,1,0,0
"1394","D1","maril.2","pre_cruz",9,6,1,1
"1395","D1","miguel","cruz",2,2,0,0
"1396","D1","miguel","pos_cruz",5,5,0,0
"1397","D1","miguel","pre_cruz",19,16,2,0
"1398","D1","miguel3","cruz",1,1,0,0
"1399","D1","miguel3","pos_cruz",2,2,0,0
"1400","D1","miguel3","pre_cruz",8,7,0,0
"1401","D1","murilo","pos_cruz",2,2,0,0
"1402","D1","murilo","pre_cruz",5,5,0,0
"1403","D1","olivia","pos_cruz",1,0,0,0
"1404","D1","olivia","pre_cruz",8,5,0,0
"1405","D1","paulo","pos_cruz",6,3,0,1
"1406","D1","paulo","pre_cruz",11,1,1,1
"1407","D1","pedro","cruz",3,0,0,0
"1408","D1","pedro","pos_cruz",3,0,0,0
"1409","D1","pedro","pre_cruz",9,0,1,0
"1410","D1","pedro2","pos_cruz",3,3,0,0
"1411","D1","pedro2","pre_cruz",10,9,0,0
"1412","D1","rafa.2","pre_cruz",5,1,0,0
"1413","D1","rafael","pre_cruz",4,4,0,0
"1414","D1","ruben","pos_cruz",1,1,0,0
"1415","D1","ruben","pre_cruz",4,3,0,0
"1416","D1","sarah","pos_cruz",1,1,0,0
"1417","D1","sarah","pre_cruz",3,2,0,0
"1418","D1","sarah.2","cruz",1,1,0,0
"1419","D1","sarah.2","pos_cruz",1,1,0,0
"1420","D1","sarah.2","pre_cruz",4,4,0,0
"1421","D1","teofinal","pos_cruz",1,1,0,0
"1422","D1","teofinal","pre_cruz",5,5,0,0
"1423","D1","theo","pos_cruz",1,1,0,0
"1424","D1","theo","pre_cruz",5,3,0,0
"1425","D1","valen","pos_cruz",1,1,0,0
"1426","D1","valen","pre_cruz",4,4,0,0
"1427","D1","yara","cruz",1,1,0,0
"1428","D1","yara","pos_cruz",4,3,1,0
"1429","D1","yara","pre_cruz",10,3,0,4
"1430","D1","yara.2","cruz",1,1,0,0
"1431","D1","yara.2","pre_cruz",7,2,0,1
"1432","D2","adam","pos_cruz",5,0,0,0
"1433","D2","adam","pre_cruz",3,0,0,0
"1434","D2","ana","pre_cruz",2,2,0,0
"1435","D2","andre2t","cruz",1,0,0,0
"1436","D2","andre2t","pos_cruz",3,1,0,0
"1437","D2","andre2t","pre_cruz",10,2,0,0
"1438","D2","anelise","pos_cruz",3,1,1,0
"1439","D2","anelise","pre_cruz",7,7,0,0
"1440","D2","anili.2","pos_cruz",3,0,2,0
"1441","D2","anili.2","pre_cruz",6,6,0,0
"1442","D2","anne","cruz",1,0,0,0
"1443","D2","anne","pos_cruz",3,0,0,0
"1444","D2","anne","pre_cruz",14,3,0,6
"1445","D2","arthur","pre_cruz",1,0,0,0
"1446","D2","asafe.2","pos_cruz",4,3,0,0
"1447","D2","asafe.2","pre_cruz",7,3,0,1
"1448","D2","ayla","pos_cruz",2,2,1,0
"1449","D2","ayla","pre_cruz",5,5,0,0
"1450","D2","ayla.2","pre_cruz",7,6,0,0
"1451","D2","bernardo","pos_cruz",6,2,2,0
"1452","D2","bernardo","pre_cruz",4,3,0,0
"1453","D2","cecilia","pos_cruz",1,1,1,0
"1454","D2","cecilia","pre_cruz",6,6,0,0
"1455","D2","clari.2","cruz",2,2,0,0
"1456","D2","clari.2","pos_cruz",1,0,1,0
"1457","D2","clari.2","pre_cruz",5,1,2,0
"1458","D2","clarice","pos_cruz",1,0,1,0
"1459","D2","clarice","pre_cruz",7,5,1,0
"1460","D2","diana","cruz",2,2,0,0
"1461","D2","diana","pos_cruz",3,0,1,0
"1462","D2","diana","pre_cruz",21,9,5,0
"1463","D2","edu.2","pos_cruz",4,1,3,0
"1464","D2","edu.2","pre_cruz",5,3,1,1
"1465","D2","emanuela","cruz",2,2,0,0
"1466","D2","emanuela","pos_cruz",3,2,1,0
"1467","D2","emanuela","pre_cruz",5,1,1,0
"1468","D2","emanuele","pos_cruz",3,2,1,0
"1469","D2","emanuele","pre_cruz",5,4,1,0
"1470","D2","ernesto","cruz",1,1,0,0
"1471","D2","ernesto","pos_cruz",2,1,1,0
"1472","D2","ernesto","pre_cruz",7,5,2,0
"1473","D2","everton","cruz",1,1,0,0
"1474","D2","everton","pos_cruz",7,6,1,0
"1475","D2","everton","pre_cruz",4,4,0,0
"1476","D2","felipe","pre_cruz",5,0,0,0
"1477","D2","fidel","cruz",5,5,0,0
"1478","D2","fidel","pos_cruz",5,3,1,0
"1479","D2","fidel","pre_cruz",11,7,0,3
"1480","D2","franc","pos_cruz",5,0,1,0
"1481","D2","franc","pre_cruz",7,2,3,0
"1482","D2","gabi21t","cruz",1,0,0,0
"1483","D2","gabi21t","pos_cruz",4,0,0,0
"1484","D2","gabi21t","pre_cruz",24,0,0,1
"1485","D2","gabif.2","pos_cruz",4,2,2,0
"1486","D2","gabif.2","pre_cruz",2,2,0,0
"1487","D2","gabrielaf","pre_cruz",4,0,1,0
"1488","D2","gui","pos_cruz",3,1,2,0
"1489","D2","gui","pre_cruz",7,6,0,0
"1490","D2","gui.2","pos_cruz",1,1,0,0
"1491","D2","gui.2","pre_cruz",7,6,0,0
"1492","D2","heitor","pos_cruz",3,2,1,0
"1493","D2","heitor","pre_cruz",5,4,0,0
"1494","D2","heitor.2","cruz",1,1,0,0
"1495","D2","heitor.2","pos_cruz",3,2,1,0
"1496","D2","heitor.2","pre_cruz",9,5,1,1
"1497","D2","heitorm","pos_cruz",1,1,0,0
"1498","D2","heitorm","pre_cruz",6,6,0,0
"1499","D2","ingrid","pos_cruz",8,0,0,0
"1500","D2","ingrid","pre_cruz",3,0,0,0
"1501","D2","ingrid.2","pos_cruz",2,0,2,0
"1502","D2","ingrid.2","pre_cruz",7,5,1,0
"1503","D2","isabela","pos_cruz",4,3,2,0
"1504","D2","isabela","pre_cruz",7,7,0,1
"1505","D2","isabelly","cruz",1,1,0,0
"1506","D2","isabelly","pos_cruz",1,1,0,0
"1507","D2","isabelly","pre_cruz",6,3,0,0
"1508","D2","joaop","pos_cruz",2,1,1,0
"1509","D2","joaop","pre_cruz",3,3,0,1
"1510","D2","leonardo","cruz",1,1,0,0
"1511","D2","leonardo","pos_cruz",5,3,2,0
"1512","D2","leonardo","pre_cruz",5,4,1,0
"1513","D2","lis","pos_cruz",7,0,0,0
"1514","D2","lis","pre_cruz",7,0,0,0
"1515","D2","livia.2","pos_cruz",2,2,0,0
"1516","D2","livia.2","pre_cruz",7,7,0,0
"1517","D2","lorena","pre_cruz",6,5,0,0
"1518","D2","lucas","pos_cruz",3,0,0,0
"1519","D2","lucas","pre_cruz",12,0,0,0
"1520","D2","lucas.2","cruz",1,0,0,1
"1521","D2","lucas.2","pos_cruz",4,1,0,0
"1522","D2","lucas.2","pre_cruz",7,1,0,0
"1523","D2","lui","cruz",1,1,0,0
"1524","D2","lui","pos_cruz",2,0,2,0
"1525","D2","lui","pre_cruz",9,5,3,1
"1526","D2","luiso","pre_cruz",3,0,0,0
"1527","D2","manu.2","cruz",1,1,0,0
"1528","D2","manu.2","pos_cruz",2,2,1,0
"1529","D2","manu.2","pre_cruz",3,3,0,0
"1530","D2","manuela","pre_cruz",3,0,0,0
"1531","D2","manuella","pre_cruz",18,5,0,0
"1532","D2","marcos","pos_cruz",5,4,1,0
"1533","D2","marcos","pre_cruz",9,8,0,0
"1534","D2","marialu","pos_cruz",2,0,2,0
"1535","D2","marialu","pre_cruz",9,8,2,0
"1536","D2","maril.2","pos_cruz",1,1,0,0
"1537","D2","maril.2","pre_cruz",7,7,0,0
"1538","D2","miguel","pos_cruz",5,3,2,0
"1539","D2","miguel","pre_cruz",14,10,0,1
"1540","D2","miguel3","pos_cruz",3,2,1,0
"1541","D2","miguel3","pre_cruz",9,6,1,0
"1542","D2","murilo","cruz",1,1,0,0
"1543","D2","murilo","pos_cruz",3,1,2,0
"1544","D2","murilo","pre_cruz",3,3,0,0
"1545","D2","olivia","pos_cruz",2,2,0,0
"1546","D2","olivia","pre_cruz",4,2,0,0
"1547","D2","paulo","cruz",1,1,0,0
"1548","D2","paulo","pos_cruz",4,1,0,0
"1549","D2","paulo","pre_cruz",11,5,4,1
"1550","D2","pedro","pos_cruz",3,0,0,3
"1551","D2","pedro","pre_cruz",12,6,0,2
"1552","D2","pedro2","pos_cruz",6,2,3,0
"1553","D2","pedro2","pre_cruz",10,7,1,0
"1554","D2","rafa.2","cruz",1,1,0,0
"1555","D2","rafa.2","pre_cruz",2,0,1,0
"1556","D2","rafael","pos_cruz",1,0,1,0
"1557","D2","rafael","pre_cruz",18,7,0,2
"1558","D2","ruben","pos_cruz",1,0,1,0
"1559","D2","ruben","pre_cruz",4,2,1,1
"1560","D2","sarah","pre_cruz",5,4,3,0
"1561","D2","sarah.2","pos_cruz",4,3,1,0
"1562","D2","sarah.2","pre_cruz",3,3,0,0
"1563","D2","teofinal","pos_cruz",3,1,2,0
"1564","D2","teofinal","pre_cruz",5,4,0,0
"1565","D2","theo","pos_cruz",1,1,0,0
"1566","D2","theo","pre_cruz",8,7,0,2
"1567","D2","valen","pos_cruz",1,0,1,0
"1568","D2","valen","pre_cruz",2,2,0,0
"1569","D2","yara","pos_cruz",1,0,1,0
"1570","D2","yara","pre_cruz",6,4,0,1
"1571","D2","yara.2","pos_cruz",2,0,1,0
"1572","D2","yara.2","pre_cruz",8,7,0,0
"1573","D4","adam","cruz",1,0,0,0
"1574","D4","adam","pos_cruz",1,0,0,0
"1575","D4","adam","pre_cruz",10,0,0,0
"1576","D4","ana","pre_cruz",2,2,0,0
"1577","D4","andre2t","pos_cruz",2,0,0,0
"1578","D4","andre2t","pre_cruz",8,3,0,0
"1579","D4","anelise","pos_cruz",1,0,1,0
"1580","D4","anelise","pre_cruz",6,4,2,0
"1581","D4","anili.2","cruz",1,1,0,0
"1582","D4","anili.2","pos_cruz",1,1,0,0
"1583","D4","anili.2","pre_cruz",3,3,0,0
"1584","D4","anne","pos_cruz",11,1,2,0
"1585","D4","anne","pre_cruz",4,0,0,0
"1586","D4","arthur","pre_cruz",1,0,0,0
"1587","D4","asafe.2","pos_cruz",1,1,0,0
"1588","D4","asafe.2","pre_cruz",6,4,0,1
"1589","D4","ayla","pos_cruz",1,1,0,0
"1590","D4","ayla","pre_cruz",6,3,1,0
"1591","D4","ayla.2","pos_cruz",2,2,0,0
"1592","D4","ayla.2","pre_cruz",7,6,1,0
"1593","D4","bernardo","pre_cruz",9,1,0,2
"1594","D4","cecilia","cruz",1,1,0,0
"1595","D4","cecilia","pos_cruz",2,0,1,0
"1596","D4","cecilia","pre_cruz",2,1,0,0
"1597","D4","clari.2","pos_cruz",2,1,0,0
"1598","D4","clari.2","pre_cruz",11,7,4,0
"1599","D4","clarice","cruz",2,1,0,0
"1600","D4","clarice","pos_cruz",3,2,0,1
"1601","D4","clarice","pre_cruz",8,5,1,0
"1602","D4","diana","cruz",1,1,0,0
"1603","D4","diana","pos_cruz",3,3,0,0
"1604","D4","diana","pre_cruz",6,5,0,0
"1605","D4","edu.2","pre_cruz",6,4,0,0
"1606","D4","emanuela","pre_cruz",7,4,0,0
"1607","D4","emanuele","pre_cruz",6,4,0,0
"1608","D4","ernesto","pos_cruz",2,2,0,0
"1609","D4","ernesto","pre_cruz",7,6,1,0
"1610","D4","everton","pos_cruz",6,6,0,0
"1611","D4","everton","pre_cruz",13,11,0,0
"1612","D4","felipe","pre_cruz",5,0,0,0
"1613","D4","fidel","pos_cruz",4,1,0,0
"1614","D4","fidel","pre_cruz",42,33,3,0
"1615","D4","franc","pos_cruz",2,1,0,0
"1616","D4","franc","pre_cruz",2,0,0,0
"1617","D4","gabi21t","pre_cruz",12,0,0,3
"1618","D4","gabif.2","cruz",2,2,0,0
"1619","D4","gabif.2","pos_cruz",2,2,0,0
"1620","D4","gabif.2","pre_cruz",7,2,5,0
"1621","D4","gabrielaf","pre_cruz",2,0,2,0
"1622","D4","gui","cruz",1,1,0,0
"1623","D4","gui","pos_cruz",1,1,0,0
"1624","D4","gui","pre_cruz",6,3,2,0
"1625","D4","gui.2","cruz",1,1,0,0
"1626","D4","gui.2","pre_cruz",7,7,0,0
"1627","D4","heitor","cruz",1,0,0,0
"1628","D4","heitor","pos_cruz",3,2,0,0
"1629","D4","heitor","pre_cruz",5,4,0,1
"1630","D4","heitor.2","cruz",1,1,0,0
"1631","D4","heitor.2","pre_cruz",6,4,0,0
"1632","D4","heitorm","cruz",1,0,0,0
"1633","D4","heitorm","pos_cruz",2,2,0,0
"1634","D4","heitorm","pre_cruz",10,8,0,2
"1635","D4","ingrid","cruz",1,0,0,0
"1636","D4","ingrid","pos_cruz",1,0,0,0
"1637","D4","ingrid","pre_cruz",5,0,0,0
"1638","D4","ingrid.2","pre_cruz",6,4,1,0
"1639","D4","isabela","pos_cruz",1,1,0,0
"1640","D4","isabela","pre_cruz",8,6,1,0
"1641","D4","isabelly","pre_cruz",7,4,0,0
"1642","D4","joaop","pre_cruz",11,4,4,0
"1643","D4","leonardo","cruz",1,1,0,0
"1644","D4","leonardo","pos_cruz",1,1,0,0
"1645","D4","leonardo","pre_cruz",7,4,1,0
"1646","D4","lis","pos_cruz",1,1,0,0
"1647","D4","lis","pre_cruz",12,1,0,0
"1648","D4","livia","cruz",2,1,1,0
"1649","D4","livia","pre_cruz",9,1,0,0
"1650","D4","livia.2","pos_cruz",2,2,0,0
"1651","D4","livia.2","pre_cruz",6,6,0,0
"1652","D4","lorena","pos_cruz",1,0,0,0
"1653","D4","lorena","pre_cruz",5,1,1,1
"1654","D4","lucas","pos_cruz",2,0,0,0
"1655","D4","lucas","pre_cruz",19,0,0,0
"1656","D4","lucas.2","pos_cruz",3,1,1,0
"1657","D4","lucas.2","pre_cruz",16,8,1,0
"1658","D4","lui","pos_cruz",1,1,0,0
"1659","D4","lui","pre_cruz",12,8,1,1
"1660","D4","luiso","pre_cruz",1,0,0,0
"1661","D4","manu.2","pos_cruz",1,1,0,0
"1662","D4","manu.2","pre_cruz",10,7,3,0
"1663","D4","manuela","pre_cruz",1,0,0,0
"1664","D4","manuella","pre_cruz",4,3,0,0
"1665","D4","marcos","cruz",2,2,0,0
"1666","D4","marcos","pre_cruz",12,10,0,0
"1667","D4","marialu","pre_cruz",12,10,0,0
"1668","D4","maril.2","pos_cruz",1,0,0,0
"1669","D4","maril.2","pre_cruz",13,12,0,0
"1670","D4","miguel","cruz",2,2,0,0
"1671","D4","miguel","pos_cruz",2,1,0,0
"1672","D4","miguel","pre_cruz",13,9,2,0
"1673","D4","miguel3","cruz",1,1,0,0
"1674","D4","miguel3","pos_cruz",2,2,0,0
"1675","D4","miguel3","pre_cruz",8,6,0,0
"1676","D4","murilo","cruz",2,0,2,0
"1677","D4","murilo","pos_cruz",2,2,0,0
"1678","D4","murilo","pre_cruz",13,6,2,0
"1679","D4","olivia","cruz",1,1,0,0
"1680","D4","olivia","pos_cruz",1,1,0,0
"1681","D4","olivia","pre_cruz",4,2,1,0
"1682","D4","paulo","pre_cruz",5,0,5,0
"1683","D4","pedro","cruz",1,1,0,0
"1684","D4","pedro","pos_cruz",3,2,0,0
"1685","D4","pedro","pre_cruz",13,5,0,1
"1686","D4","pedro2","pos_cruz",3,3,0,0
"1687","D4","pedro2","pre_cruz",10,7,0,0
"1688","D4","rafa.2","pre_cruz",7,1,5,0
"1689","D4","rafael","pos_cruz",1,0,1,0
"1690","D4","rafael","pre_cruz",14,9,3,1
"1691","D4","ruben","pos_cruz",2,2,0,0
"1692","D4","ruben","pre_cruz",9,4,2,1
"1693","D4","sarah","pos_cruz",1,1,0,0
"1694","D4","sarah","pre_cruz",5,2,1,0
"1695","D4","sarah.2","cruz",1,1,0,0
"1696","D4","sarah.2","pre_cruz",3,3,0,0
"1697","D4","teofinal","pos_cruz",3,2,1,0
"1698","D4","teofinal","pre_cruz",10,5,1,0
"1699","D4","theo","pos_cruz",1,1,0,0
"1700","D4","theo","pre_cruz",11,11,0,0
"1701","D4","valen","cruz",1,1,0,0
"1702","D4","valen","pos_cruz",1,1,0,0
"1703","D4","valen","pre_cruz",6,6,0,0
"1704","D4","yara","cruz",1,1,0,0
"1705","D4","yara","pos_cruz",3,3,0,0
"1706","D4","yara","pre_cruz",8,6,1,0
"1707","D4","yara.2","cruz",1,1,0,0
"1708","D4","yara.2","pos_cruz",3,2,1,0
"1709","D4","yara.2","pre_cruz",5,3,1,0
"1710","D5","adam","pos_cruz",1,0,0,0
"1711","D5","adam","pre_cruz",9,0,0,0
"1712","D5","ana","pre_cruz",5,5,0,0
"1713","D5","andre2t","pos_cruz",3,0,0,0
"1714","D5","andre2t","pre_cruz",14,2,0,0
"1715","D5","anelise","pre_cruz",6,5,0,0
"1716","D5","anili.2","cruz",1,1,0,0
"1717","D5","anili.2","pos_cruz",2,2,0,0
"1718","D5","anili.2","pre_cruz",5,5,0,0
"1719","D5","anne","pos_cruz",2,0,2,0
"1720","D5","anne","pre_cruz",5,0,4,0
"1721","D5","arthur","pre_cruz",1,0,0,0
"1722","D5","asafe.2","pos_cruz",3,2,1,0
"1723","D5","asafe.2","pre_cruz",4,4,0,0
"1724","D5","ayla","pos_cruz",1,1,0,0
"1725","D5","ayla","pre_cruz",7,6,0,0
"1726","D5","ayla.2","cruz",1,1,0,0
"1727","D5","ayla.2","pos_cruz",3,2,1,0
"1728","D5","ayla.2","pre_cruz",5,4,0,0
"1729","D5","bernardo","pre_cruz",9,6,0,0
"1730","D5","cecilia","pos_cruz",4,3,1,0
"1731","D5","cecilia","pre_cruz",6,6,0,0
"1732","D5","clari.2","pos_cruz",2,1,1,0
"1733","D5","clari.2","pre_cruz",7,3,0,2
"1734","D5","clarice","cruz",2,1,0,0
"1735","D5","clarice","pos_cruz",3,2,1,0
"1736","D5","clarice","pre_cruz",8,3,0,1
"1737","D5","diana","pos_cruz",3,2,0,0
"1738","D5","diana","pre_cruz",3,3,0,0
"1739","D5","emanuela","pos_cruz",2,1,1,0
"1740","D5","emanuela","pre_cruz",6,5,0,0
"1741","D5","emanuele","cruz",1,0,1,0
"1742","D5","emanuele","pos_cruz",5,3,1,0
"1743","D5","emanuele","pre_cruz",4,3,0,0
"1744","D5","ernesto","pos_cruz",3,2,1,0
"1745","D5","ernesto","pre_cruz",5,5,0,0
"1746","D5","everton","cruz",1,1,0,0
"1747","D5","everton","pos_cruz",8,4,3,0
"1748","D5","everton","pre_cruz",16,8,4,0
"1749","D5","felipe","cruz",1,0,0,0
"1750","D5","felipe","pos_cruz",2,0,0,0
"1751","D5","felipe","pre_cruz",9,0,0,0
"1752","D5","fidel","pos_cruz",2,1,1,0
"1753","D5","fidel","pre_cruz",24,21,1,1
"1754","D5","franc","cruz",1,0,0,0
"1755","D5","franc","pos_cruz",1,1,0,0
"1756","D5","franc","pre_cruz",6,2,2,0
"1757","D5","gabif.2","pre_cruz",7,2,0,1
"1758","D5","gabrielaf","pre_cruz",8,0,7,0
"1759","D5","giovana","pre_cruz",1,0,0,0
"1760","D5","gui","pos_cruz",2,1,1,0
"1761","D5","gui","pre_cruz",7,6,1,0
"1762","D5","gui.2","cruz",1,0,1,0
"1763","D5","gui.2","pos_cruz",1,1,0,0
"1764","D5","gui.2","pre_cruz",4,2,0,0
"1765","D5","heitor","pos_cruz",2,2,0,0
"1766","D5","heitor","pre_cruz",8,6,1,0
"1767","D5","heitor.2","cruz",1,1,0,0
"1768","D5","heitor.2","pos_cruz",5,3,2,0
"1769","D5","heitor.2","pre_cruz",7,5,0,0
"1770","D5","heitorm","pos_cruz",7,5,1,0
"1771","D5","heitorm","pre_cruz",5,5,0,0
"1772","D5","ingrid","pos_cruz",1,0,0,0
"1773","D5","ingrid","pre_cruz",4,0,0,0
"1774","D5","ingrid.2","cruz",2,0,0,0
"1775","D5","ingrid.2","pos_cruz",3,1,2,0
"1776","D5","ingrid.2","pre_cruz",9,5,1,0
"1777","D5","isabela","cruz",1,1,0,0
"1778","D5","isabela","pos_cruz",4,2,2,0
"1779","D5","isabela","pre_cruz",7,7,0,0
"1780","D5","isabelly","pos_cruz",2,2,0,0
"1781","D5","isabelly","pre_cruz",7,4,0,0
"1782","D5","joaop","pre_cruz",2,2,0,0
"1783","D5","leonardo","cruz",2,1,1,0
"1784","D5","leonardo","pos_cruz",2,1,1,0
"1785","D5","leonardo","pre_cruz",8,5,1,0
"1786","D5","lis","pre_cruz",7,1,0,0
"1787","D5","livia","pre_cruz",8,6,0,1
"1788","D5","livia.2","cruz",1,1,0,0
"1789","D5","livia.2","pos_cruz",2,1,0,0
"1790","D5","livia.2","pre_cruz",6,5,0,0
"1791","D5","lorena","pre_cruz",9,8,0,0
"1792","D5","lucas","pos_cruz",2,0,0,0
"1793","D5","lucas","pre_cruz",23,0,0,1
"1794","D5","lucas.2","pre_cruz",6,6,0,0
"1795","D5","lui","pos_cruz",4,2,2,0
"1796","D5","lui","pre_cruz",6,5,0,0
"1797","D5","luiso","pre_cruz",1,0,0,0
"1798","D5","manu.2","pos_cruz",2,1,1,0
"1799","D5","manu.2","pre_cruz",6,6,0,0
"1800","D5","manuela","pre_cruz",2,0,0,0
"1801","D5","manuella","cruz",2,0,0,0
"1802","D5","manuella","pos_cruz",3,0,0,0
"1803","D5","manuella","pre_cruz",10,8,0,0
"1804","D5","marcos","pos_cruz",4,3,1,0
"1805","D5","marcos","pre_cruz",11,5,0,2
"1806","D5","maril.2","cruz",1,1,0,0
"1807","D5","maril.2","pos_cruz",1,1,0,0
"1808","D5","maril.2","pre_cruz",4,3,0,0
"1809","D5","miguel","cruz",2,1,1,0
"1810","D5","miguel","pos_cruz",6,1,2,1
"1811","D5","miguel","pre_cruz",13,8,0,0
"1812","D5","miguel3","cruz",1,1,0,0
"1813","D5","miguel3","pos_cruz",3,2,1,0
"1814","D5","miguel3","pre_cruz",7,7,0,0
"1815","D5","murilo","pos_cruz",1,0,0,0
"1816","D5","murilo","pre_cruz",8,5,0,2
"1817","D5","olivia","pos_cruz",3,3,0,0
"1818","D5","olivia","pre_cruz",9,7,0,0
"1819","D5","paulo","pos_cruz",4,2,1,0
"1820","D5","paulo","pre_cruz",8,5,2,0
"1821","D5","pedro","pos_cruz",3,0,1,0
"1822","D5","pedro","pre_cruz",9,4,0,0
"1823","D5","pedro2","pos_cruz",4,3,0,0
"1824","D5","pedro2","pre_cruz",8,6,0,0
"1825","D5","rafa.2","pre_cruz",7,1,3,1
"1826","D5","rafael","pos_cruz",5,2,3,0
"1827","D5","rafael","pre_cruz",10,4,1,2
"1828","D5","ruben","pos_cruz",2,1,1,0
"1829","D5","ruben","pre_cruz",8,5,1,2
"1830","D5","sarah","pos_cruz",1,0,1,0
"1831","D5","sarah","pre_cruz",2,1,0,0
"1832","D5","sarah.2","pos_cruz",2,2,0,0
"1833","D5","sarah.2","pre_cruz",4,4,0,0
"1834","D5","teofinal","cruz",1,1,0,0
"1835","D5","teofinal","pos_cruz",3,2,1,0
"1836","D5","teofinal","pre_cruz",8,6,0,1
"1837","D5","theo","pos_cruz",2,2,0,0
"1838","D5","theo","pre_cruz",5,4,0,0
"1839","D5","valen","pos_cruz",1,0,1,0
"1840","D5","valen","pre_cruz",6,5,0,1
"1841","D5","yara","pos_cruz",4,3,1,0
"1842","D5","yara","pre_cruz",9,6,3,0
"1843","D5","yara.2","pos_cruz",2,1,1,0
"1844","D5","yara.2","pre_cruz",7,6,0,0
"1845","D7","adam","baseline",7,0,0,0
"1846","D7","ana","baseline",6,6,0,0
"1847","D7","andre2t","baseline",10,2,0,0
"1848","D7","anelise","baseline",20,17,0,0
"1849","D7","anili.2","baseline",8,8,0,0
"1850","D7","anne","baseline",32,7,0,0
"1851","D7","arthur","baseline",2,0,0,0
"1852","D7","asafe.2","baseline",5,3,0,0
"1853","D7","ayla","baseline",8,7,0,0
"1854","D7","ayla.2","baseline",9,8,0,0
"1855","D7","bernardo","baseline",4,3,0,0
"1856","D7","cecilia","baseline",8,7,0,0
"1857","D7","clari.2","baseline",8,5,0,0
"1858","D7","clarice","baseline",8,4,0,0
"1859","D7","diana","baseline",8,4,0,0
"1860","D7","edu.2","baseline",12,8,0,0
"1861","D7","emanuela","baseline",9,6,0,0
"1862","D7","emanuele","baseline",8,8,0,0
"1863","D7","ernesto","baseline",9,7,0,0
"1864","D7","everton","baseline",10,10,0,0
"1865","D7","felipe","baseline",6,0,0,0
"1866","D7","fidel","baseline",10,7,0,0
"1867","D7","franc","baseline",10,5,0,0
"1868","D7","gabi21t","baseline",14,0,0,0
"1869","D7","gabif.2","baseline",4,2,0,0
"1870","D7","gabrielaf","baseline",10,2,0,0
"1871","D7","gui","baseline",8,5,0,0
"1872","D7","gui.2","baseline",7,7,0,0
"1873","D7","heitor","baseline",7,6,0,0
"1874","D7","heitor.2","baseline",11,8,0,0
"1875","D7","heitorm","baseline",5,5,0,0
"1876","D7","ingrid","baseline",7,0,0,0
"1877","D7","ingrid.2","baseline",17,12,0,0
"1878","D7","isabela","baseline",9,7,0,0
"1879","D7","isabelly","baseline",5,2,0,0
"1880","D7","joaop","baseline",4,3,0,0
"1881","D7","leonardo","baseline",11,8,0,0
"1882","D7","lis","baseline",7,4,0,0
"1883","D7","livia","baseline",9,0,0,0
"1884","D7","livia.2","baseline",8,8,0,0
"1885","D7","lorena","baseline",11,7,0,0
"1886","D7","lucas","baseline",12,0,0,0
"1887","D7","lui","baseline",12,9,0,0
"1888","D7","luiso","baseline",12,0,0,0
"1889","D7","manu.2","baseline",9,9,0,0
"1890","D7","manuela","baseline",1,0,0,0
"1891","D7","manuella","baseline",18,16,0,0
"1892","D7","marcos","baseline",17,12,0,0
"1893","D7","marialu","baseline",13,11,0,0
"1894","D7","maril.2","baseline",15,6,0,0
"1895","D7","miguel","baseline",23,11,0,0
"1896","D7","miguel3","baseline",10,10,0,0
"1897","D7","murilo","baseline",7,7,0,0
"1898","D7","olivia","baseline",11,9,0,0
"1899","D7","paulo","baseline",13,6,0,0
"1900","D7","pedro","baseline",16,11,0,0
"1901","D7","pedro2","baseline",11,9,0,0
"1902","D7","rafa.2","baseline",10,3,0,0
"1903","D7","rafael","baseline",8,4,0,0
"1904","D7","ruben","baseline",8,8,0,0
"1905","D7","sarah","baseline",4,3,0,0
"1906","D7","sarah.2","baseline",5,5,0,0
"1907","D7","teofinal","baseline",10,6,0,0
"1908","D7","theo","baseline",11,10,0,0
"1909","D7","valen","baseline",5,4,0,0
"1910","D7","yara","baseline",11,9,0,0
"1911","D7","yara.2","baseline",11,9,0,0
